file,label,label_int
Paper_265.jpg,Paper,5
Paper_271.jpg,Paper,5
Paper_477.jpg,Paper,5
Paper_107.jpg,Paper,5
Paper_106.jpg,Paper,5
Paper_16.jpg,Paper,5
Paper_112.jpg,Paper,5
Paper_462.jpg,Paper,5
Paper_304.jpg,Paper,5
Paper_270.jpg,Paper,5
Paper_264.jpg,Paper,5
Paper_258.jpg,Paper,5
Paper_299.jpg,Paper,5
Paper_500.jpg,Paper,5
Paper_266.jpg,Paper,5
Paper_448.jpg,Paper,5
Paper_306.jpg,Paper,5
Paper_460.jpg,Paper,5
Paper_474.jpg,Paper,5
Paper_138.jpg,Paper,5
Paper_28.jpg,Paper,5
Paper_104.jpg,Paper,5
Paper_110.jpg,Paper,5
Paper_105.jpg,Paper,5
Paper_29.jpg,Paper,5
Paper_475.jpg,Paper,5
Paper_313.jpg,Paper,5
Paper_461.jpg,Paper,5
Paper_449.jpg,Paper,5
Paper_267.jpg,Paper,5
Paper_273.jpg,Paper,5
Paper_298.jpg,Paper,5
Paper_288.jpg,Paper,5
Paper_465.jpg,Paper,5
Paper_303.jpg,Paper,5
Paper_317.jpg,Paper,5
Paper_471.jpg,Paper,5
Paper_115.jpg,Paper,5
Paper_129.jpg,Paper,5
Paper_128.jpg,Paper,5
Paper_114.jpg,Paper,5
Paper_316.jpg,Paper,5
Paper_470.jpg,Paper,5
Paper_302.jpg,Paper,5
Paper_262.jpg,Paper,5
Paper_276.jpg,Paper,5
Paper_289.jpg,Paper,5
Paper_248.jpg,Paper,5
Paper_499.jpg,Paper,5
Paper_472.jpg,Paper,5
Paper_314.jpg,Paper,5
Paper_300.jpg,Paper,5
Paper_466.jpg,Paper,5
Paper_328.jpg,Paper,5
Paper_12.jpg,Paper,5
Paper_103.jpg,Paper,5
Paper_117.jpg,Paper,5
Paper_467.jpg,Paper,5
Paper_498.jpg,Paper,5
Paper_206.jpg,Paper,5
Paper_212.jpg,Paper,5
Paper_399.jpg,Paper,5
Paper_414.jpg,Paper,5
Paper_366.jpg,Paper,5
Paper_400.jpg,Paper,5
Paper_170.jpg,Paper,5
Paper_164.jpg,Paper,5
Paper_61.jpg,Paper,5
Paper_171.jpg,Paper,5
Paper_401.jpg,Paper,5
Paper_415.jpg,Paper,5
Paper_373.jpg,Paper,5
Paper_429.jpg,Paper,5
Paper_398.jpg,Paper,5
Paper_213.jpg,Paper,5
Paper_239.jpg,Paper,5
Paper_211.jpg,Paper,5
Paper_403.jpg,Paper,5
Paper_365.jpg,Paper,5
Paper_371.jpg,Paper,5
Paper_417.jpg,Paper,5
Paper_198.jpg,Paper,5
Paper_77.jpg,Paper,5
Paper_199.jpg,Paper,5
Paper_370.jpg,Paper,5
Paper_364.jpg,Paper,5
Paper_238.jpg,Paper,5
Paper_214.jpg,Paper,5
Paper_200.jpg,Paper,5
Paper_360.jpg,Paper,5
Paper_406.jpg,Paper,5
Paper_374.jpg,Paper,5
Paper_348.jpg,Paper,5
Paper_99.jpg,Paper,5
Paper_162.jpg,Paper,5
Paper_176.jpg,Paper,5
Paper_177.jpg,Paper,5
Paper_73.jpg,Paper,5
Paper_163.jpg,Paper,5
Paper_349.jpg,Paper,5
Paper_413.jpg,Paper,5
Paper_375.jpg,Paper,5
Paper_407.jpg,Paper,5
Paper_229.jpg,Paper,5
Paper_201.jpg,Paper,5
Paper_215.jpg,Paper,5
Paper_203.jpg,Paper,5
Paper_217.jpg,Paper,5
Paper_377.jpg,Paper,5
Paper_411.jpg,Paper,5
Paper_405.jpg,Paper,5
Paper_363.jpg,Paper,5
Paper_71.jpg,Paper,5
Paper_175.jpg,Paper,5
Paper_161.jpg,Paper,5
Paper_65.jpg,Paper,5
Paper_59.jpg,Paper,5
Paper_148.jpg,Paper,5
Paper_64.jpg,Paper,5
Paper_70.jpg,Paper,5
Paper_174.jpg,Paper,5
Paper_438.jpg,Paper,5
Paper_404.jpg,Paper,5
Paper_389.jpg,Paper,5
Paper_216.jpg,Paper,5
Paper_202.jpg,Paper,5
Paper_227.jpg,Paper,5
Paper_233.jpg,Paper,5
Paper_390.jpg,Paper,5
Paper_409.jpg,Paper,5
Paper_353.jpg,Paper,5
Paper_82.jpg,Paper,5
Paper_186.jpg,Paper,5
Paper_69.jpg,Paper,5
Paper_55.jpg,Paper,5
Paper_40.jpg,Paper,5
Paper_144.jpg,Paper,5
Paper_150.jpg,Paper,5
Paper_54.jpg,Paper,5
Paper_187.jpg,Paper,5
Paper_193.jpg,Paper,5
Paper_346.jpg,Paper,5
Paper_420.jpg,Paper,5
Paper_352.jpg,Paper,5
Paper_226.jpg,Paper,5
Paper_4.jpg,Paper,5
Paper_6.jpg,Paper,5
Paper_218.jpg,Paper,5
Paper_230.jpg,Paper,5
Paper_387.jpg,Paper,5
Paper_378.jpg,Paper,5
Paper_422.jpg,Paper,5
Paper_350.jpg,Paper,5
Paper_185.jpg,Paper,5
Paper_95.jpg,Paper,5
Paper_146.jpg,Paper,5
Paper_42.jpg,Paper,5
Paper_56.jpg,Paper,5
Paper_152.jpg,Paper,5
Paper_153.jpg,Paper,5
Paper_43.jpg,Paper,5
Paper_94.jpg,Paper,5
Paper_190.jpg,Paper,5
Paper_184.jpg,Paper,5
Paper_80.jpg,Paper,5
Paper_351.jpg,Paper,5
Paper_423.jpg,Paper,5
Paper_345.jpg,Paper,5
Paper_392.jpg,Paper,5
Paper_231.jpg,Paper,5
Paper_219.jpg,Paper,5
Paper_3.jpg,Paper,5
Paper_221.jpg,Paper,5
Paper_209.jpg,Paper,5
Paper_382.jpg,Paper,5
Paper_341.jpg,Paper,5
Paper_427.jpg,Paper,5
Paper_433.jpg,Paper,5
Paper_369.jpg,Paper,5
Paper_90.jpg,Paper,5
Paper_47.jpg,Paper,5
Paper_143.jpg,Paper,5
Paper_157.jpg,Paper,5
Paper_53.jpg,Paper,5
Paper_156.jpg,Paper,5
Paper_52.jpg,Paper,5
Paper_46.jpg,Paper,5
Paper_85.jpg,Paper,5
Paper_368.jpg,Paper,5
Paper_432.jpg,Paper,5
Paper_354.jpg,Paper,5
Paper_340.jpg,Paper,5
Paper_426.jpg,Paper,5
Paper_397.jpg,Paper,5
Paper_208.jpg,Paper,5
Paper_236.jpg,Paper,5
Paper_381.jpg,Paper,5
Paper_424.jpg,Paper,5
Paper_342.jpg,Paper,5
Paper_418.jpg,Paper,5
Paper_197.jpg,Paper,5
Paper_87.jpg,Paper,5
Paper_50.jpg,Paper,5
Paper_154.jpg,Paper,5
Paper_140.jpg,Paper,5
Paper_44.jpg,Paper,5
Paper_168.jpg,Paper,5
Paper_78.jpg,Paper,5
Paper_79.jpg,Paper,5
Paper_169.jpg,Paper,5
Paper_45.jpg,Paper,5
Paper_51.jpg,Paper,5
Paper_155.jpg,Paper,5
Paper_182.jpg,Paper,5
Paper_196.jpg,Paper,5
Paper_343.jpg,Paper,5
Paper_357.jpg,Paper,5
Paper_431.jpg,Paper,5
Paper_380.jpg,Paper,5
Paper_237.jpg,Paper,5
Paper_223.jpg,Paper,5
Paper_1.jpg,Paper,5
Paper_293.jpg,Paper,5
Paper_278.jpg,Paper,5
Paper_244.jpg,Paper,5
Paper_481.jpg,Paper,5
Paper_330.jpg,Paper,5
Paper_324.jpg,Paper,5
Paper_36.jpg,Paper,5
Paper_132.jpg,Paper,5
Paper_22.jpg,Paper,5
Paper_127.jpg,Paper,5
Paper_325.jpg,Paper,5
Paper_331.jpg,Paper,5
Paper_457.jpg,Paper,5
Paper_480.jpg,Paper,5
Paper_494.jpg,Paper,5
Paper_251.jpg,Paper,5
Paper_245.jpg,Paper,5
Paper_292.jpg,Paper,5
Paper_286.jpg,Paper,5
Paper_290.jpg,Paper,5
Paper_482.jpg,Paper,5
Paper_496.jpg,Paper,5
Paper_469.jpg,Paper,5
Paper_441.jpg,Paper,5
Paper_333.jpg,Paper,5
Paper_119.jpg,Paper,5
Paper_131.jpg,Paper,5
Paper_130.jpg,Paper,5
Paper_34.jpg,Paper,5
Paper_20.jpg,Paper,5
Paper_454.jpg,Paper,5
Paper_326.jpg,Paper,5
Paper_440.jpg,Paper,5
Paper_468.jpg,Paper,5
Paper_483.jpg,Paper,5
Paper_252.jpg,Paper,5
Paper_295.jpg,Paper,5
Paper_256.jpg,Paper,5
Paper_242.jpg,Paper,5
Paper_322.jpg,Paper,5
Paper_450.jpg,Paper,5
Paper_24.jpg,Paper,5
Paper_30.jpg,Paper,5
Paper_134.jpg,Paper,5
Paper_18.jpg,Paper,5
Paper_108.jpg,Paper,5
Paper_109.jpg,Paper,5
Paper_31.jpg,Paper,5
Paper_25.jpg,Paper,5
Paper_479.jpg,Paper,5
Paper_337.jpg,Paper,5
Paper_451.jpg,Paper,5
Paper_445.jpg,Paper,5
Paper_492.jpg,Paper,5
Paper_486.jpg,Paper,5
Paper_243.jpg,Paper,5
Paper_257.jpg,Paper,5
Paper_280.jpg,Paper,5
Paper_294.jpg,Paper,5
Paper_282.jpg,Paper,5
Paper_296.jpg,Paper,5
Paper_269.jpg,Paper,5
Paper_484.jpg,Paper,5
Paper_453.jpg,Paper,5
Paper_321.jpg,Paper,5
Paper_447.jpg,Paper,5
Paper_309.jpg,Paper,5
Paper_33.jpg,Paper,5
Paper_27.jpg,Paper,5
Paper_123.jpg,Paper,5
Paper_26.jpg,Paper,5
Paper_122.jpg,Paper,5
Paper_136.jpg,Paper,5
Paper_334.jpg,Paper,5
Paper_491.jpg,Paper,5
Paper_268.jpg,Paper,5
Paper_254.jpg,Paper,5
Paper_240.jpg,Paper,5
Metal_166.jpg,Metal,3
Metal_172.jpg,Metal,3
Metal_774.jpg,Metal,3
Metal_204.jpg,Metal,3
Metal_563.jpg,Metal,3
Metal_577.jpg,Metal,3
Metal_749.jpg,Metal,3
Metal_775.jpg,Metal,3
Metal_173.jpg,Metal,3
Metal_615.jpg,Metal,3
Metal_601.jpg,Metal,3
Metal_403.jpg,Metal,3
Metal_171.jpg,Metal,3
Metal_165.jpg,Metal,3
Metal_207.jpg,Metal,3
Metal_561.jpg,Metal,3
Metal_574.jpg,Metal,3
Metal_560.jpg,Metal,3
Metal_789.jpg,Metal,3
Metal_14.jpg,Metal,3
Metal_776.jpg,Metal,3
Metal_762.jpg,Metal,3
Metal_170.jpg,Metal,3
Metal_366.jpg,Metal,3
Metal_372.jpg,Metal,3
Metal_414.jpg,Metal,3
Metal_438.jpg,Metal,3
Metal_410.jpg,Metal,3
Metal_174.jpg,Metal,3
Metal_612.jpg,Metal,3
Metal_38.jpg,Metal,3
Metal_558.jpg,Metal,3
Metal_202.jpg,Metal,3
Metal_216.jpg,Metal,3
Metal_203.jpg,Metal,3
Metal_39.jpg,Metal,3
Metal_11.jpg,Metal,3
Metal_767.jpg,Metal,3
Metal_607.jpg,Metal,3
Metal_175.jpg,Metal,3
Metal_149.jpg,Metal,3
Metal_377.jpg,Metal,3
Metal_349.jpg,Metal,3
Metal_407.jpg,Metal,3
Metal_639.jpg,Metal,3
Metal_163.jpg,Metal,3
Metal_759.jpg,Metal,3
Metal_765.jpg,Metal,3
Metal_566.jpg,Metal,3
Metal_12.jpg,Metal,3
Metal_758.jpg,Metal,3
Metal_189.jpg,Metal,3
Metal_176.jpg,Metal,3
Metal_360.jpg,Metal,3
Metal_348.jpg,Metal,3
Metal_307.jpg,Metal,3
Metal_475.jpg,Metal,3
Metal_111.jpg,Metal,3
Metal_139.jpg,Metal,3
Metal_688.jpg,Metal,3
Metal_717.jpg,Metal,3
Metal_75.jpg,Metal,3
Metal_273.jpg,Metal,3
Metal_299.jpg,Metal,3
Metal_266.jpg,Metal,3
Metal_48.jpg,Metal,3
Metal_702.jpg,Metal,3
Metal_716.jpg,Metal,3
Metal_689.jpg,Metal,3
Metal_676.jpg,Metal,3
Metal_110.jpg,Metal,3
Metal_104.jpg,Metal,3
Metal_662.jpg,Metal,3
Metal_310.jpg,Metal,3
Metal_304.jpg,Metal,3
Metal_112.jpg,Metal,3
Metal_674.jpg,Metal,3
Metal_728.jpg,Metal,3
Metal_62.jpg,Metal,3
Metal_502.jpg,Metal,3
Metal_270.jpg,Metal,3
Metal_516.jpg,Metal,3
Metal_1.jpg,Metal,3
Metal_259.jpg,Metal,3
Metal_503.jpg,Metal,3
Metal_77.jpg,Metal,3
Metal_729.jpg,Metal,3
Metal_88.jpg,Metal,3
Metal_661.jpg,Metal,3
Metal_488.jpg,Metal,3
Metal_339.jpg,Metal,3
Metal_463.jpg,Metal,3
Metal_311.jpg,Metal,3
Metal_329.jpg,Metal,3
Metal_467.jpg,Metal,3
Metal_659.jpg,Metal,3
Metal_671.jpg,Metal,3
Metal_117.jpg,Metal,3
Metal_739.jpg,Metal,3
Metal_705.jpg,Metal,3
Metal_711.jpg,Metal,3
Metal_73.jpg,Metal,3
Metal_67.jpg,Metal,3
Metal_261.jpg,Metal,3
Metal_507.jpg,Metal,3
Metal_275.jpg,Metal,3
Metal_4.jpg,Metal,3
Metal_260.jpg,Metal,3
Metal_99.jpg,Metal,3
Metal_704.jpg,Metal,3
Metal_466.jpg,Metal,3
Metal_300.jpg,Metal,3
Metal_328.jpg,Metal,3
Metal_302.jpg,Metal,3
Metal_464.jpg,Metal,3
Metal_470.jpg,Metal,3
Metal_316.jpg,Metal,3
Metal_128.jpg,Metal,3
Metal_100.jpg,Metal,3
Metal_114.jpg,Metal,3
Metal_672.jpg,Metal,3
Metal_712.jpg,Metal,3
Metal_289.jpg,Metal,3
Metal_6.jpg,Metal,3
Metal_263.jpg,Metal,3
Metal_59.jpg,Metal,3
Metal_71.jpg,Metal,3
Metal_698.jpg,Metal,3
Metal_115.jpg,Metal,3
Metal_673.jpg,Metal,3
Metal_101.jpg,Metal,3
Metal_471.jpg,Metal,3
Metal_317.jpg,Metal,3
Metal_303.jpg,Metal,3
Metal_440.jpg,Metal,3
Metal_332.jpg,Metal,3
Metal_130.jpg,Metal,3
Metal_118.jpg,Metal,3
Metal_97.jpg,Metal,3
Metal_68.jpg,Metal,3
Metal_40.jpg,Metal,3
Metal_54.jpg,Metal,3
Metal_534.jpg,Metal,3
Metal_246.jpg,Metal,3
Metal_520.jpg,Metal,3
Metal_290.jpg,Metal,3
Metal_509.jpg,Metal,3
Metal_253.jpg,Metal,3
Metal_41.jpg,Metal,3
Metal_69.jpg,Metal,3
Metal_723.jpg,Metal,3
Metal_657.jpg,Metal,3
Metal_131.jpg,Metal,3
Metal_125.jpg,Metal,3
Metal_643.jpg,Metal,3
Metal_333.jpg,Metal,3
Metal_133.jpg,Metal,3
Metal_655.jpg,Metal,3
Metal_641.jpg,Metal,3
Metal_696.jpg,Metal,3
Metal_721.jpg,Metal,3
Metal_735.jpg,Metal,3
Metal_94.jpg,Metal,3
Metal_80.jpg,Metal,3
Metal_57.jpg,Metal,3
Metal_537.jpg,Metal,3
Metal_9.jpg,Metal,3
Metal_286.jpg,Metal,3
Metal_8.jpg,Metal,3
Metal_278.jpg,Metal,3
Metal_42.jpg,Metal,3
Metal_734.jpg,Metal,3
Metal_640.jpg,Metal,3
Metal_126.jpg,Metal,3
Metal_654.jpg,Metal,3
Metal_481.jpg,Metal,3
Metal_495.jpg,Metal,3
Metal_318.jpg,Metal,3
Metal_324.jpg,Metal,3
Metal_442.jpg,Metal,3
Metal_456.jpg,Metal,3
Metal_320.jpg,Metal,3
Metal_678.jpg,Metal,3
Metal_650.jpg,Metal,3
Metal_122.jpg,Metal,3
Metal_644.jpg,Metal,3
Metal_730.jpg,Metal,3
Metal_533.jpg,Metal,3
Metal_527.jpg,Metal,3
Metal_53.jpg,Metal,3
Metal_725.jpg,Metal,3
Metal_692.jpg,Metal,3
Metal_651.jpg,Metal,3
Metal_484.jpg,Metal,3
Metal_490.jpg,Metal,3
Metal_321.jpg,Metal,3
Metal_109.jpg,Metal,3
Metal_647.jpg,Metal,3
Metal_121.jpg,Metal,3
Metal_690.jpg,Metal,3
Metal_92.jpg,Metal,3
Metal_727.jpg,Metal,3
Metal_45.jpg,Metal,3
Metal_79.jpg,Metal,3
Metal_257.jpg,Metal,3
Metal_243.jpg,Metal,3
Metal_294.jpg,Metal,3
Metal_280.jpg,Metal,3
Metal_242.jpg,Metal,3
Metal_518.jpg,Metal,3
Metal_78.jpg,Metal,3
Metal_50.jpg,Metal,3
Metal_732.jpg,Metal,3
Metal_93.jpg,Metal,3
Metal_87.jpg,Metal,3
Metal_691.jpg,Metal,3
Metal_685.jpg,Metal,3
Metal_646.jpg,Metal,3
Metal_108.jpg,Metal,3
Metal_444.jpg,Metal,3
Metal_478.jpg,Metal,3
Metal_423.jpg,Metal,3
Metal_437.jpg,Metal,3
Metal_379.jpg,Metal,3
Metal_621.jpg,Metal,3
Metal_153.jpg,Metal,3
Metal_635.jpg,Metal,3
Metal_609.jpg,Metal,3
Metal_755.jpg,Metal,3
Metal_769.jpg,Metal,3
Metal_782.jpg,Metal,3
Metal_37.jpg,Metal,3
Metal_231.jpg,Metal,3
Metal_594.jpg,Metal,3
Metal_580.jpg,Metal,3
Metal_230.jpg,Metal,3
Metal_783.jpg,Metal,3
Metal_740.jpg,Metal,3
Metal_754.jpg,Metal,3
Metal_191.jpg,Metal,3
Metal_185.jpg,Metal,3
Metal_608.jpg,Metal,3
Metal_634.jpg,Metal,3
Metal_436.jpg,Metal,3
Metal_344.jpg,Metal,3
Metal_422.jpg,Metal,3
Metal_420.jpg,Metal,3
Metal_346.jpg,Metal,3
Metal_391.jpg,Metal,3
Metal_636.jpg,Metal,3
Metal_193.jpg,Metal,3
Metal_187.jpg,Metal,3
Metal_34.jpg,Metal,3
Metal_20.jpg,Metal,3
Metal_554.jpg,Metal,3
Metal_596.jpg,Metal,3
Metal_569.jpg,Metal,3
Metal_541.jpg,Metal,3
Metal_35.jpg,Metal,3
Metal_780.jpg,Metal,3
Metal_743.jpg,Metal,3
Metal_145.jpg,Metal,3
Metal_384.jpg,Metal,3
Metal_409.jpg,Metal,3
Metal_353.jpg,Metal,3
Metal_419.jpg,Metal,3
Metal_431.jpg,Metal,3
Metal_182.jpg,Metal,3
Metal_784.jpg,Metal,3
Metal_19.jpg,Metal,3
Metal_545.jpg,Metal,3
Metal_237.jpg,Metal,3
Metal_586.jpg,Metal,3
Metal_578.jpg,Metal,3
Metal_183.jpg,Metal,3
Metal_197.jpg,Metal,3
Metal_626.jpg,Metal,3
Metal_168.jpg,Metal,3
Metal_381.jpg,Metal,3
Metal_356.jpg,Metal,3
Metal_418.jpg,Metal,3
Metal_368.jpg,Metal,3
Metal_340.jpg,Metal,3
Metal_354.jpg,Metal,3
Metal_397.jpg,Metal,3
Metal_618.jpg,Metal,3
Metal_624.jpg,Metal,3
Metal_32.jpg,Metal,3
Metal_787.jpg,Metal,3
Metal_546.jpg,Metal,3
Metal_235.jpg,Metal,3
Metal_786.jpg,Metal,3
Metal_27.jpg,Metal,3
Metal_745.jpg,Metal,3
Metal_779.jpg,Metal,3
Metal_143.jpg,Metal,3
Metal_625.jpg,Metal,3
Metal_355.jpg,Metal,3
Metal_433.jpg,Metal,3
Metal_369.jpg,Metal,3
Cardboard_266.jpg,Cardboard,0
Cardboard_272.jpg,Cardboard,0
Cardboard_299.jpg,Cardboard,0
Cardboard_58.jpg,Cardboard,0
Cardboard_138.jpg,Cardboard,0
Cardboard_110.jpg,Cardboard,0
Cardboard_70.jpg,Cardboard,0
Cardboard_448.jpg,Cardboard,0
Cardboard_460.jpg,Cardboard,0
Cardboard_313.jpg,Cardboard,0
Cardboard_449.jpg,Cardboard,0
Cardboard_105.jpg,Cardboard,0
Cardboard_71.jpg,Cardboard,0
Cardboard_65.jpg,Cardboard,0
Cardboard_139.jpg,Cardboard,0
Cardboard_59.jpg,Cardboard,0
Cardboard_273.jpg,Cardboard,0
Cardboard_267.jpg,Cardboard,0
Cardboard_259.jpg,Cardboard,0
Cardboard_271.jpg,Cardboard,0
Cardboard_73.jpg,Cardboard,0
Cardboard_107.jpg,Cardboard,0
Cardboard_113.jpg,Cardboard,0
Cardboard_67.jpg,Cardboard,0
Cardboard_98.jpg,Cardboard,0
Cardboard_305.jpg,Cardboard,0
Cardboard_304.jpg,Cardboard,0
Cardboard_99.jpg,Cardboard,0
Cardboard_112.jpg,Cardboard,0
Cardboard_106.jpg,Cardboard,0
Cardboard_264.jpg,Cardboard,0
Cardboard_274.jpg,Cardboard,0
Cardboard_260.jpg,Cardboard,0
Cardboard_248.jpg,Cardboard,0
Cardboard_76.jpg,Cardboard,0
Cardboard_102.jpg,Cardboard,0
Cardboard_116.jpg,Cardboard,0
Cardboard_89.jpg,Cardboard,0
Cardboard_300.jpg,Cardboard,0
Cardboard_329.jpg,Cardboard,0
Cardboard_315.jpg,Cardboard,0
Cardboard_63.jpg,Cardboard,0
Cardboard_117.jpg,Cardboard,0
Cardboard_103.jpg,Cardboard,0
Cardboard_77.jpg,Cardboard,0
Cardboard_261.jpg,Cardboard,0
Cardboard_263.jpg,Cardboard,0
Cardboard_277.jpg,Cardboard,0
Cardboard_288.jpg,Cardboard,0
Cardboard_61.jpg,Cardboard,0
Cardboard_129.jpg,Cardboard,0
Cardboard_49.jpg,Cardboard,0
Cardboard_317.jpg,Cardboard,0
Cardboard_459.jpg,Cardboard,0
Cardboard_458.jpg,Cardboard,0
Cardboard_316.jpg,Cardboard,0
Cardboard_48.jpg,Cardboard,0
Cardboard_128.jpg,Cardboard,0
Cardboard_60.jpg,Cardboard,0
Cardboard_114.jpg,Cardboard,0
Cardboard_289.jpg,Cardboard,0
Cardboard_276.jpg,Cardboard,0
Cardboard_262.jpg,Cardboard,0
Cardboard_239.jpg,Cardboard,0
Cardboard_205.jpg,Cardboard,0
Cardboard_13.jpg,Cardboard,0
Cardboard_198.jpg,Cardboard,0
Cardboard_371.jpg,Cardboard,0
Cardboard_402.jpg,Cardboard,0
Cardboard_364.jpg,Cardboard,0
Cardboard_370.jpg,Cardboard,0
Cardboard_416.jpg,Cardboard,0
Cardboard_358.jpg,Cardboard,0
Cardboard_12.jpg,Cardboard,0
Cardboard_210.jpg,Cardboard,0
Cardboard_204.jpg,Cardboard,0
Cardboard_212.jpg,Cardboard,0
Cardboard_206.jpg,Cardboard,0
Cardboard_158.jpg,Cardboard,0
Cardboard_38.jpg,Cardboard,0
Cardboard_164.jpg,Cardboard,0
Cardboard_10.jpg,Cardboard,0
Cardboard_170.jpg,Cardboard,0
Cardboard_428.jpg,Cardboard,0
Cardboard_366.jpg,Cardboard,0
Cardboard_414.jpg,Cardboard,0
Cardboard_372.jpg,Cardboard,0
Cardboard_398.jpg,Cardboard,0
Cardboard_373.jpg,Cardboard,0
Cardboard_429.jpg,Cardboard,0
Cardboard_39.jpg,Cardboard,0
Cardboard_159.jpg,Cardboard,0
Cardboard_213.jpg,Cardboard,0
Cardboard_217.jpg,Cardboard,0
Cardboard_9.jpg,Cardboard,0
Cardboard_161.jpg,Cardboard,0
Cardboard_29.jpg,Cardboard,0
Cardboard_149.jpg,Cardboard,0
Cardboard_377.jpg,Cardboard,0
Cardboard_411.jpg,Cardboard,0
Cardboard_439.jpg,Cardboard,0
Cardboard_388.jpg,Cardboard,0
Cardboard_389.jpg,Cardboard,0
Cardboard_376.jpg,Cardboard,0
Cardboard_410.jpg,Cardboard,0
Cardboard_404.jpg,Cardboard,0
Cardboard_362.jpg,Cardboard,0
Cardboard_148.jpg,Cardboard,0
Cardboard_28.jpg,Cardboard,0
Cardboard_174.jpg,Cardboard,0
Cardboard_160.jpg,Cardboard,0
Cardboard_202.jpg,Cardboard,0
Cardboard_216.jpg,Cardboard,0
Cardboard_200.jpg,Cardboard,0
Cardboard_228.jpg,Cardboard,0
Cardboard_176.jpg,Cardboard,0
Cardboard_162.jpg,Cardboard,0
Cardboard_189.jpg,Cardboard,0
Cardboard_412.jpg,Cardboard,0
Cardboard_374.jpg,Cardboard,0
Cardboard_360.jpg,Cardboard,0
Cardboard_349.jpg,Cardboard,0
Cardboard_413.jpg,Cardboard,0
Cardboard_375.jpg,Cardboard,0
Cardboard_163.jpg,Cardboard,0
Cardboard_229.jpg,Cardboard,0
Cardboard_215.jpg,Cardboard,0
Cardboard_201.jpg,Cardboard,0
Cardboard_218.jpg,Cardboard,0
Cardboard_6.jpg,Cardboard,0
Cardboard_26.jpg,Cardboard,0
Cardboard_32.jpg,Cardboard,0
Cardboard_146.jpg,Cardboard,0
Cardboard_185.jpg,Cardboard,0
Cardboard_378.jpg,Cardboard,0
Cardboard_350.jpg,Cardboard,0
Cardboard_436.jpg,Cardboard,0
Cardboard_422.jpg,Cardboard,0
Cardboard_386.jpg,Cardboard,0
Cardboard_423.jpg,Cardboard,0
Cardboard_345.jpg,Cardboard,0
Cardboard_351.jpg,Cardboard,0
Cardboard_379.jpg,Cardboard,0
Cardboard_184.jpg,Cardboard,0
Cardboard_190.jpg,Cardboard,0
Cardboard_147.jpg,Cardboard,0
Cardboard_33.jpg,Cardboard,0
Cardboard_27.jpg,Cardboard,0
Cardboard_153.jpg,Cardboard,0
Cardboard_7.jpg,Cardboard,0
Cardboard_225.jpg,Cardboard,0
Cardboard_219.jpg,Cardboard,0
Cardboard_233.jpg,Cardboard,0
Cardboard_227.jpg,Cardboard,0
Cardboard_5.jpg,Cardboard,0
Cardboard_19.jpg,Cardboard,0
Cardboard_145.jpg,Cardboard,0
Cardboard_186.jpg,Cardboard,0
Cardboard_192.jpg,Cardboard,0
Cardboard_421.jpg,Cardboard,0
Cardboard_435.jpg,Cardboard,0
Cardboard_353.jpg,Cardboard,0
Cardboard_384.jpg,Cardboard,0
Cardboard_390.jpg,Cardboard,0
Cardboard_391.jpg,Cardboard,0
Cardboard_434.jpg,Cardboard,0
Cardboard_346.jpg,Cardboard,0
Cardboard_420.jpg,Cardboard,0
Cardboard_408.jpg,Cardboard,0
Cardboard_193.jpg,Cardboard,0
Cardboard_187.jpg,Cardboard,0
Cardboard_144.jpg,Cardboard,0
Cardboard_30.jpg,Cardboard,0
Cardboard_18.jpg,Cardboard,0
Cardboard_226.jpg,Cardboard,0
Cardboard_236.jpg,Cardboard,0
Cardboard_34.jpg,Cardboard,0
Cardboard_140.jpg,Cardboard,0
Cardboard_154.jpg,Cardboard,0
Cardboard_20.jpg,Cardboard,0
Cardboard_168.jpg,Cardboard,0
Cardboard_183.jpg,Cardboard,0
Cardboard_197.jpg,Cardboard,0
Cardboard_342.jpg,Cardboard,0
Cardboard_356.jpg,Cardboard,0
Cardboard_430.jpg,Cardboard,0
Cardboard_418.jpg,Cardboard,0
Cardboard_381.jpg,Cardboard,0
Cardboard_419.jpg,Cardboard,0
Cardboard_357.jpg,Cardboard,0
Cardboard_431.jpg,Cardboard,0
Cardboard_425.jpg,Cardboard,0
Cardboard_343.jpg,Cardboard,0
Cardboard_196.jpg,Cardboard,0
Cardboard_182.jpg,Cardboard,0
Cardboard_169.jpg,Cardboard,0
Cardboard_21.jpg,Cardboard,0
Cardboard_155.jpg,Cardboard,0
Cardboard_1.jpg,Cardboard,0
Cardboard_237.jpg,Cardboard,0
Cardboard_221.jpg,Cardboard,0
Cardboard_3.jpg,Cardboard,0
Cardboard_37.jpg,Cardboard,0
Cardboard_194.jpg,Cardboard,0
Cardboard_433.jpg,Cardboard,0
Cardboard_355.jpg,Cardboard,0
Cardboard_341.jpg,Cardboard,0
Cardboard_369.jpg,Cardboard,0
Cardboard_382.jpg,Cardboard,0
Cardboard_397.jpg,Cardboard,0
Cardboard_426.jpg,Cardboard,0
Cardboard_432.jpg,Cardboard,0
Cardboard_354.jpg,Cardboard,0
Cardboard_195.jpg,Cardboard,0
Cardboard_36.jpg,Cardboard,0
Cardboard_22.jpg,Cardboard,0
Cardboard_208.jpg,Cardboard,0
Cardboard_234.jpg,Cardboard,0
Cardboard_220.jpg,Cardboard,0
Cardboard_247.jpg,Cardboard,0
Cardboard_284.jpg,Cardboard,0
Cardboard_79.jpg,Cardboard,0
Cardboard_119.jpg,Cardboard,0
Cardboard_131.jpg,Cardboard,0
Cardboard_125.jpg,Cardboard,0
Cardboard_51.jpg,Cardboard,0
Cardboard_333.jpg,Cardboard,0
Cardboard_327.jpg,Cardboard,0
Cardboard_440.jpg,Cardboard,0
Cardboard_454.jpg,Cardboard,0
Cardboard_332.jpg,Cardboard,0
Cardboard_93.jpg,Cardboard,0
Cardboard_87.jpg,Cardboard,0
Cardboard_50.jpg,Cardboard,0
Cardboard_130.jpg,Cardboard,0
Cardboard_118.jpg,Cardboard,0
Cardboard_78.jpg,Cardboard,0
Cardboard_291.jpg,Cardboard,0
Cardboard_285.jpg,Cardboard,0
Cardboard_246.jpg,Cardboard,0
Cardboard_293.jpg,Cardboard,0
Cardboard_287.jpg,Cardboard,0
Cardboard_52.jpg,Cardboard,0
Cardboard_85.jpg,Cardboard,0
Cardboard_443.jpg,Cardboard,0
Cardboard_325.jpg,Cardboard,0
Cardboard_319.jpg,Cardboard,0
Cardboard_84.jpg,Cardboard,0
Cardboard_90.jpg,Cardboard,0
Cardboard_133.jpg,Cardboard,0
Cardboard_47.jpg,Cardboard,0
Cardboard_127.jpg,Cardboard,0
Cardboard_286.jpg,Cardboard,0
Cardboard_292.jpg,Cardboard,0
Cardboard_245.jpg,Cardboard,0
Cardboard_255.jpg,Cardboard,0
Cardboard_241.jpg,Cardboard,0
Cardboard_269.jpg,Cardboard,0
Cardboard_296.jpg,Cardboard,0
Cardboard_282.jpg,Cardboard,0
Cardboard_57.jpg,Cardboard,0
Cardboard_43.jpg,Cardboard,0
Cardboard_137.jpg,Cardboard,0
Cardboard_94.jpg,Cardboard,0
Cardboard_321.jpg,Cardboard,0
Cardboard_447.jpg,Cardboard,0
Cardboard_453.jpg,Cardboard,0
Cardboard_308.jpg,Cardboard,0
Cardboard_452.jpg,Cardboard,0
Cardboard_334.jpg,Cardboard,0
Cardboard_320.jpg,Cardboard,0
Cardboard_446.jpg,Cardboard,0
Cardboard_81.jpg,Cardboard,0
Cardboard_136.jpg,Cardboard,0
Cardboard_42.jpg,Cardboard,0
Cardboard_122.jpg,Cardboard,0
Cardboard_268.jpg,Cardboard,0
Cardboard_240.jpg,Cardboard,0
Cardboard_254.jpg,Cardboard,0
Cardboard_242.jpg,Cardboard,0
Cardboard_256.jpg,Cardboard,0
Cardboard_295.jpg,Cardboard,0
Cardboard_40.jpg,Cardboard,0
Cardboard_120.jpg,Cardboard,0
Cardboard_54.jpg,Cardboard,0
Cardboard_108.jpg,Cardboard,0
Cardboard_68.jpg,Cardboard,0
Cardboard_97.jpg,Cardboard,0
Cardboard_336.jpg,Cardboard,0
Cardboard_445.jpg,Cardboard,0
Cardboard_323.jpg,Cardboard,0
Cardboard_337.jpg,Cardboard,0
Cardboard_82.jpg,Cardboard,0
Cardboard_109.jpg,Cardboard,0
Cardboard_121.jpg,Cardboard,0
Cardboard_135.jpg,Cardboard,0
Cardboard_41.jpg,Cardboard,0
Cardboard_294.jpg,Cardboard,0
Cardboard_280.jpg,Cardboard,0
Cardboard_257.jpg,Cardboard,0
Food Organics_285.jpg,Food Organics,1
Food Organics_252.jpg,Food Organics,1
Food Organics_130.jpg,Food Organics,1
Food Organics_124.jpg,Food Organics,1
Food Organics_34.jpg,Food Organics,1
Food Organics_118.jpg,Food Organics,1
Food Organics_332.jpg,Food Organics,1
Food Organics_326.jpg,Food Organics,1
Food Organics_327.jpg,Food Organics,1
Food Organics_333.jpg,Food Organics,1
Food Organics_35.jpg,Food Organics,1
Food Organics_119.jpg,Food Organics,1
Food Organics_21.jpg,Food Organics,1
Food Organics_131.jpg,Food Organics,1
Food Organics_247.jpg,Food Organics,1
Food Organics_292.jpg,Food Organics,1
Food Organics_286.jpg,Food Organics,1
Food Organics_251.jpg,Food Organics,1
Food Organics_245.jpg,Food Organics,1
Food Organics_127.jpg,Food Organics,1
Food Organics_133.jpg,Food Organics,1
Food Organics_23.jpg,Food Organics,1
Food Organics_325.jpg,Food Organics,1
Food Organics_331.jpg,Food Organics,1
Food Organics_319.jpg,Food Organics,1
Food Organics_318.jpg,Food Organics,1
Food Organics_22.jpg,Food Organics,1
Food Organics_36.jpg,Food Organics,1
Food Organics_132.jpg,Food Organics,1
Food Organics_126.jpg,Food Organics,1
Food Organics_278.jpg,Food Organics,1
Food Organics_250.jpg,Food Organics,1
Food Organics_287.jpg,Food Organics,1
Food Organics_293.jpg,Food Organics,1
Food Organics_297.jpg,Food Organics,1
Food Organics_268.jpg,Food Organics,1
Food Organics_254.jpg,Food Organics,1
Food Organics_240.jpg,Food Organics,1
Food Organics_32.jpg,Food Organics,1
Food Organics_26.jpg,Food Organics,1
Food Organics_136.jpg,Food Organics,1
Food Organics_335.jpg,Food Organics,1
Food Organics_137.jpg,Food Organics,1
Food Organics_123.jpg,Food Organics,1
Food Organics_255.jpg,Food Organics,1
Food Organics_269.jpg,Food Organics,1
Food Organics_296.jpg,Food Organics,1
Food Organics_280.jpg,Food Organics,1
Food Organics_243.jpg,Food Organics,1
Food Organics_257.jpg,Food Organics,1
Food Organics_109.jpg,Food Organics,1
Food Organics_31.jpg,Food Organics,1
Food Organics_19.jpg,Food Organics,1
Food Organics_121.jpg,Food Organics,1
Food Organics_337.jpg,Food Organics,1
Food Organics_323.jpg,Food Organics,1
Food Organics_322.jpg,Food Organics,1
Food Organics_336.jpg,Food Organics,1
Food Organics_18.jpg,Food Organics,1
Food Organics_30.jpg,Food Organics,1
Food Organics_24.jpg,Food Organics,1
Food Organics_108.jpg,Food Organics,1
Food Organics_256.jpg,Food Organics,1
Food Organics_242.jpg,Food Organics,1
Food Organics_295.jpg,Food Organics,1
Food Organics_231.jpg,Food Organics,1
Food Organics_219.jpg,Food Organics,1
Food Organics_190.jpg,Food Organics,1
Food Organics_184.jpg,Food Organics,1
Food Organics_80.jpg,Food Organics,1
Food Organics_94.jpg,Food Organics,1
Food Organics_153.jpg,Food Organics,1
Food Organics_147.jpg,Food Organics,1
Food Organics_43.jpg,Food Organics,1
Food Organics_57.jpg,Food Organics,1
Food Organics_386.jpg,Food Organics,1
Food Organics_351.jpg,Food Organics,1
Food Organics_345.jpg,Food Organics,1
Food Organics_6.jpg,Food Organics,1
Food Organics_378.jpg,Food Organics,1
Food Organics_7.jpg,Food Organics,1
Food Organics_344.jpg,Food Organics,1
Food Organics_350.jpg,Food Organics,1
Food Organics_387.jpg,Food Organics,1
Food Organics_393.jpg,Food Organics,1
Food Organics_56.jpg,Food Organics,1
Food Organics_42.jpg,Food Organics,1
Food Organics_146.jpg,Food Organics,1
Food Organics_95.jpg,Food Organics,1
Food Organics_81.jpg,Food Organics,1
Food Organics_185.jpg,Food Organics,1
Food Organics_191.jpg,Food Organics,1
Food Organics_218.jpg,Food Organics,1
Food Organics_230.jpg,Food Organics,1
Food Organics_224.jpg,Food Organics,1
Food Organics_226.jpg,Food Organics,1
Food Organics_187.jpg,Food Organics,1
Food Organics_193.jpg,Food Organics,1
Food Organics_97.jpg,Food Organics,1
Food Organics_83.jpg,Food Organics,1
Food Organics_68.jpg,Food Organics,1
Food Organics_144.jpg,Food Organics,1
Food Organics_54.jpg,Food Organics,1
Food Organics_178.jpg,Food Organics,1
Food Organics_40.jpg,Food Organics,1
Food Organics_391.jpg,Food Organics,1
Food Organics_346.jpg,Food Organics,1
Food Organics_352.jpg,Food Organics,1
Food Organics_5.jpg,Food Organics,1
Food Organics_408.jpg,Food Organics,1
Food Organics_409.jpg,Food Organics,1
Food Organics_4.jpg,Food Organics,1
Food Organics_353.jpg,Food Organics,1
Food Organics_347.jpg,Food Organics,1
Food Organics_390.jpg,Food Organics,1
Food Organics_384.jpg,Food Organics,1
Food Organics_41.jpg,Food Organics,1
Food Organics_55.jpg,Food Organics,1
Food Organics_69.jpg,Food Organics,1
Food Organics_82.jpg,Food Organics,1
Food Organics_192.jpg,Food Organics,1
Food Organics_186.jpg,Food Organics,1
Food Organics_227.jpg,Food Organics,1
Food Organics_237.jpg,Food Organics,1
Food Organics_92.jpg,Food Organics,1
Food Organics_196.jpg,Food Organics,1
Food Organics_51.jpg,Food Organics,1
Food Organics_45.jpg,Food Organics,1
Food Organics_169.jpg,Food Organics,1
Food Organics_141.jpg,Food Organics,1
Food Organics_394.jpg,Food Organics,1
Food Organics_343.jpg,Food Organics,1
Food Organics_356.jpg,Food Organics,1
Food Organics_342.jpg,Food Organics,1
Food Organics_395.jpg,Food Organics,1
Food Organics_381.jpg,Food Organics,1
Food Organics_154.jpg,Food Organics,1
Food Organics_44.jpg,Food Organics,1
Food Organics_50.jpg,Food Organics,1
Food Organics_197.jpg,Food Organics,1
Food Organics_183.jpg,Food Organics,1
Food Organics_93.jpg,Food Organics,1
Food Organics_222.jpg,Food Organics,1
Food Organics_236.jpg,Food Organics,1
Food Organics_234.jpg,Food Organics,1
Food Organics_85.jpg,Food Organics,1
Food Organics_91.jpg,Food Organics,1
Food Organics_195.jpg,Food Organics,1
Food Organics_46.jpg,Food Organics,1
Food Organics_52.jpg,Food Organics,1
Food Organics_156.jpg,Food Organics,1
Food Organics_142.jpg,Food Organics,1
Food Organics_3.jpg,Food Organics,1
Food Organics_368.jpg,Food Organics,1
Food Organics_354.jpg,Food Organics,1
Food Organics_341.jpg,Food Organics,1
Food Organics_355.jpg,Food Organics,1
Food Organics_382.jpg,Food Organics,1
Food Organics_396.jpg,Food Organics,1
Food Organics_143.jpg,Food Organics,1
Food Organics_157.jpg,Food Organics,1
Food Organics_53.jpg,Food Organics,1
Food Organics_47.jpg,Food Organics,1
Food Organics_180.jpg,Food Organics,1
Food Organics_194.jpg,Food Organics,1
Food Organics_90.jpg,Food Organics,1
Food Organics_84.jpg,Food Organics,1
Food Organics_235.jpg,Food Organics,1
Food Organics_221.jpg,Food Organics,1
Food Organics_204.jpg,Food Organics,1
Food Organics_210.jpg,Food Organics,1
Food Organics_238.jpg,Food Organics,1
Food Organics_89.jpg,Food Organics,1
Food Organics_172.jpg,Food Organics,1
Food Organics_166.jpg,Food Organics,1
Food Organics_370.jpg,Food Organics,1
Food Organics_402.jpg,Food Organics,1
Food Organics_364.jpg,Food Organics,1
Food Organics_358.jpg,Food Organics,1
Food Organics_359.jpg,Food Organics,1
Food Organics_365.jpg,Food Organics,1
Food Organics_77.jpg,Food Organics,1
Food Organics_63.jpg,Food Organics,1
Food Organics_173.jpg,Food Organics,1
Food Organics_88.jpg,Food Organics,1
Food Organics_211.jpg,Food Organics,1
Food Organics_205.jpg,Food Organics,1
Food Organics_49.jpg,Food Organics,1
Food Organics_165.jpg,Food Organics,1
Food Organics_75.jpg,Food Organics,1
Food Organics_398.jpg,Food Organics,1
Food Organics_367.jpg,Food Organics,1
Food Organics_401.jpg,Food Organics,1
Food Organics_372.jpg,Food Organics,1
Food Organics_366.jpg,Food Organics,1
Food Organics_400.jpg,Food Organics,1
Food Organics_399.jpg,Food Organics,1
Food Organics_74.jpg,Food Organics,1
Food Organics_170.jpg,Food Organics,1
Food Organics_48.jpg,Food Organics,1
Food Organics_164.jpg,Food Organics,1
Food Organics_206.jpg,Food Organics,1
Food Organics_216.jpg,Food Organics,1
Food Organics_202.jpg,Food Organics,1
Food Organics_70.jpg,Food Organics,1
Food Organics_64.jpg,Food Organics,1
Food Organics_160.jpg,Food Organics,1
Food Organics_58.jpg,Food Organics,1
Food Organics_174.jpg,Food Organics,1
Food Organics_389.jpg,Food Organics,1
Food Organics_404.jpg,Food Organics,1
Food Organics_9.jpg,Food Organics,1
Food Organics_410.jpg,Food Organics,1
Food Organics_377.jpg,Food Organics,1
Food Organics_411.jpg,Food Organics,1
Food Organics_8.jpg,Food Organics,1
Food Organics_405.jpg,Food Organics,1
Food Organics_363.jpg,Food Organics,1
Food Organics_388.jpg,Food Organics,1
Food Organics_59.jpg,Food Organics,1
Food Organics_175.jpg,Food Organics,1
Food Organics_161.jpg,Food Organics,1
Food Organics_65.jpg,Food Organics,1
Food Organics_149.jpg,Food Organics,1
Food Organics_71.jpg,Food Organics,1
Food Organics_203.jpg,Food Organics,1
Food Organics_217.jpg,Food Organics,1
Food Organics_201.jpg,Food Organics,1
Food Organics_215.jpg,Food Organics,1
Food Organics_188.jpg,Food Organics,1
Food Organics_67.jpg,Food Organics,1
Food Organics_73.jpg,Food Organics,1
Food Organics_177.jpg,Food Organics,1
Food Organics_163.jpg,Food Organics,1
Food Organics_360.jpg,Food Organics,1
Food Organics_406.jpg,Food Organics,1
Food Organics_374.jpg,Food Organics,1
Food Organics_348.jpg,Food Organics,1
Food Organics_162.jpg,Food Organics,1
Food Organics_176.jpg,Food Organics,1
Food Organics_66.jpg,Food Organics,1
Food Organics_189.jpg,Food Organics,1
Food Organics_200.jpg,Food Organics,1
Food Organics_228.jpg,Food Organics,1
Food Organics_298.jpg,Food Organics,1
Food Organics_267.jpg,Food Organics,1
Food Organics_273.jpg,Food Organics,1
Food Organics_111.jpg,Food Organics,1
Food Organics_29.jpg,Food Organics,1
Food Organics_105.jpg,Food Organics,1
Food Organics_15.jpg,Food Organics,1
Food Organics_139.jpg,Food Organics,1
Food Organics_313.jpg,Food Organics,1
Food Organics_306.jpg,Food Organics,1
Food Organics_312.jpg,Food Organics,1
Food Organics_14.jpg,Food Organics,1
Food Organics_138.jpg,Food Organics,1
Food Organics_28.jpg,Food Organics,1
Food Organics_104.jpg,Food Organics,1
Food Organics_110.jpg,Food Organics,1
Food Organics_266.jpg,Food Organics,1
Food Organics_299.jpg,Food Organics,1
Food Organics_264.jpg,Food Organics,1
Food Organics_258.jpg,Food Organics,1
Food Organics_106.jpg,Food Organics,1
Food Organics_16.jpg,Food Organics,1
Food Organics_304.jpg,Food Organics,1
Food Organics_310.jpg,Food Organics,1
Food Organics_339.jpg,Food Organics,1
Food Organics_305.jpg,Food Organics,1
Food Organics_17.jpg,Food Organics,1
Food Organics_113.jpg,Food Organics,1
Food Organics_107.jpg,Food Organics,1
Food Organics_265.jpg,Food Organics,1
Food Organics_249.jpg,Food Organics,1
Food Organics_275.jpg,Food Organics,1
Food Organics_261.jpg,Food Organics,1
Food Organics_117.jpg,Food Organics,1
Food Organics_329.jpg,Food Organics,1
Food Organics_301.jpg,Food Organics,1
Food Organics_315.jpg,Food Organics,1
Food Organics_314.jpg,Food Organics,1
Food Organics_300.jpg,Food Organics,1
Food Organics_328.jpg,Food Organics,1
Food Organics_116.jpg,Food Organics,1
Food Organics_12.jpg,Food Organics,1
Food Organics_260.jpg,Food Organics,1
Food Organics_248.jpg,Food Organics,1
Food Organics_262.jpg,Food Organics,1
Food Organics_38.jpg,Food Organics,1
Food Organics_114.jpg,Food Organics,1
Food Organics_316.jpg,Food Organics,1
Food Organics_302.jpg,Food Organics,1
Food Organics_303.jpg,Food Organics,1
Food Organics_101.jpg,Food Organics,1
Food Organics_39.jpg,Food Organics,1
Food Organics_115.jpg,Food Organics,1
Food Organics_11.jpg,Food Organics,1
Food Organics_263.jpg,Food Organics,1
Food Organics_288.jpg,Food Organics,1
Glass_236.jpg,Glass,2
Glass_222.jpg,Glass,2
Glass_168.jpg,Glass,2
Glass_140.jpg,Glass,2
Glass_154.jpg,Glass,2
Glass_183.jpg,Glass,2
Glass_197.jpg,Glass,2
Glass_46.jpg,Glass,2
Glass_52.jpg,Glass,2
Glass_342.jpg,Glass,2
Glass_356.jpg,Glass,2
Glass_395.jpg,Glass,2
Glass_394.jpg,Glass,2
Glass_380.jpg,Glass,2
Glass_90.jpg,Glass,2
Glass_84.jpg,Glass,2
Glass_343.jpg,Glass,2
Glass_53.jpg,Glass,2
Glass_419.jpg,Glass,2
Glass_47.jpg,Glass,2
Glass_182.jpg,Glass,2
Glass_155.jpg,Glass,2
Glass_169.jpg,Glass,2
Glass_223.jpg,Glass,2
Glass_237.jpg,Glass,2
Glass_209.jpg,Glass,2
Glass_221.jpg,Glass,2
Glass_235.jpg,Glass,2
Glass_157.jpg,Glass,2
Glass_143.jpg,Glass,2
Glass_180.jpg,Glass,2
Glass_369.jpg,Glass,2
Glass_51.jpg,Glass,2
Glass_45.jpg,Glass,2
Glass_355.jpg,Glass,2
Glass_341.jpg,Glass,2
Glass_92.jpg,Glass,2
Glass_86.jpg,Glass,2
Glass_396.jpg,Glass,2
Glass_382.jpg,Glass,2
Glass_397.jpg,Glass,2
Glass_78.jpg,Glass,2
Glass_354.jpg,Glass,2
Glass_44.jpg,Glass,2
Glass_50.jpg,Glass,2
Glass_181.jpg,Glass,2
Glass_195.jpg,Glass,2
Glass_142.jpg,Glass,2
Glass_156.jpg,Glass,2
Glass_208.jpg,Glass,2
Glass_230.jpg,Glass,2
Glass_9.jpg,Glass,2
Glass_185.jpg,Glass,2
Glass_68.jpg,Glass,2
Glass_54.jpg,Glass,2
Glass_40.jpg,Glass,2
Glass_83.jpg,Glass,2
Glass_82.jpg,Glass,2
Glass_386.jpg,Glass,2
Glass_392.jpg,Glass,2
Glass_379.jpg,Glass,2
Glass_41.jpg,Glass,2
Glass_55.jpg,Glass,2
Glass_69.jpg,Glass,2
Glass_184.jpg,Glass,2
Glass_190.jpg,Glass,2
Glass_8.jpg,Glass,2
Glass_219.jpg,Glass,2
Glass_225.jpg,Glass,2
Glass_227.jpg,Glass,2
Glass_145.jpg,Glass,2
Glass_151.jpg,Glass,2
Glass_179.jpg,Glass,2
Glass_347.jpg,Glass,2
Glass_57.jpg,Glass,2
Glass_384.jpg,Glass,2
Glass_80.jpg,Glass,2
Glass_95.jpg,Glass,2
Glass_391.jpg,Glass,2
Glass_385.jpg,Glass,2
Glass_408.jpg,Glass,2
Glass_56.jpg,Glass,2
Glass_42.jpg,Glass,2
Glass_352.jpg,Glass,2
Glass_420.jpg,Glass,2
Glass_193.jpg,Glass,2
Glass_187.jpg,Glass,2
Glass_178.jpg,Glass,2
Glass_150.jpg,Glass,2
Glass_144.jpg,Glass,2
Glass_232.jpg,Glass,2
Glass_255.jpg,Glass,2
Glass_296.jpg,Glass,2
Glass_282.jpg,Glass,2
Glass_137.jpg,Glass,2
Glass_31.jpg,Glass,2
Glass_321.jpg,Glass,2
Glass_19.jpg,Glass,2
Glass_335.jpg,Glass,2
Glass_334.jpg,Glass,2
Glass_18.jpg,Glass,2
Glass_308.jpg,Glass,2
Glass_24.jpg,Glass,2
Glass_136.jpg,Glass,2
Glass_122.jpg,Glass,2
Glass_297.jpg,Glass,2
Glass_240.jpg,Glass,2
Glass_254.jpg,Glass,2
Glass_268.jpg,Glass,2
Glass_256.jpg,Glass,2
Glass_281.jpg,Glass,2
Glass_295.jpg,Glass,2
Glass_108.jpg,Glass,2
Glass_134.jpg,Glass,2
Glass_26.jpg,Glass,2
Glass_336.jpg,Glass,2
Glass_323.jpg,Glass,2
Glass_337.jpg,Glass,2
Glass_27.jpg,Glass,2
Glass_33.jpg,Glass,2
Glass_121.jpg,Glass,2
Glass_135.jpg,Glass,2
Glass_280.jpg,Glass,2
Glass_257.jpg,Glass,2
Glass_243.jpg,Glass,2
Glass_253.jpg,Glass,2
Glass_131.jpg,Glass,2
Glass_125.jpg,Glass,2
Glass_119.jpg,Glass,2
Glass_37.jpg,Glass,2
Glass_23.jpg,Glass,2
Glass_36.jpg,Glass,2
Glass_332.jpg,Glass,2
Glass_118.jpg,Glass,2
Glass_130.jpg,Glass,2
Glass_291.jpg,Glass,2
Glass_285.jpg,Glass,2
Glass_252.jpg,Glass,2
Glass_246.jpg,Glass,2
Glass_244.jpg,Glass,2
Glass_278.jpg,Glass,2
Glass_293.jpg,Glass,2
Glass_287.jpg,Glass,2
Glass_132.jpg,Glass,2
Glass_324.jpg,Glass,2
Glass_318.jpg,Glass,2
Glass_20.jpg,Glass,2
Glass_34.jpg,Glass,2
Glass_35.jpg,Glass,2
Glass_319.jpg,Glass,2
Glass_331.jpg,Glass,2
Glass_325.jpg,Glass,2
Glass_133.jpg,Glass,2
Glass_127.jpg,Glass,2
Glass_286.jpg,Glass,2
Glass_292.jpg,Glass,2
Glass_279.jpg,Glass,2
Glass_251.jpg,Glass,2
Glass_248.jpg,Glass,2
Glass_274.jpg,Glass,2
Glass_260.jpg,Glass,2
Glass_116.jpg,Glass,2
Glass_300.jpg,Glass,2
Glass_38.jpg,Glass,2
Glass_314.jpg,Glass,2
Glass_315.jpg,Glass,2
Glass_39.jpg,Glass,2
Glass_301.jpg,Glass,2
Glass_329.jpg,Glass,2
Glass_11.jpg,Glass,2
Glass_117.jpg,Glass,2
Glass_103.jpg,Glass,2
Glass_249.jpg,Glass,2
Glass_263.jpg,Glass,2
Glass_129.jpg,Glass,2
Glass_101.jpg,Glass,2
Glass_13.jpg,Glass,2
Glass_317.jpg,Glass,2
Glass_303.jpg,Glass,2
Glass_302.jpg,Glass,2
Glass_12.jpg,Glass,2
Glass_100.jpg,Glass,2
Glass_114.jpg,Glass,2
Glass_128.jpg,Glass,2
Glass_289.jpg,Glass,2
Glass_276.jpg,Glass,2
Glass_262.jpg,Glass,2
Glass_272.jpg,Glass,2
Glass_110.jpg,Glass,2
Glass_306.jpg,Glass,2
Glass_16.jpg,Glass,2
Glass_17.jpg,Glass,2
Glass_313.jpg,Glass,2
Glass_298.jpg,Glass,2
Glass_273.jpg,Glass,2
Glass_267.jpg,Glass,2
Glass_265.jpg,Glass,2
Glass_259.jpg,Glass,2
Glass_107.jpg,Glass,2
Glass_305.jpg,Glass,2
Glass_29.jpg,Glass,2
Glass_311.jpg,Glass,2
Glass_339.jpg,Glass,2
Glass_15.jpg,Glass,2
Glass_338.jpg,Glass,2
Glass_310.jpg,Glass,2
Glass_28.jpg,Glass,2
Glass_112.jpg,Glass,2
Glass_106.jpg,Glass,2
Glass_264.jpg,Glass,2
Glass_270.jpg,Glass,2
Glass_217.jpg,Glass,2
Glass_203.jpg,Glass,2
Glass_6.jpg,Glass,2
Glass_161.jpg,Glass,2
Glass_67.jpg,Glass,2
Glass_73.jpg,Glass,2
Glass_405.jpg,Glass,2
Glass_377.jpg,Glass,2
Glass_411.jpg,Glass,2
Glass_388.jpg,Glass,2
Glass_98.jpg,Glass,2
Glass_99.jpg,Glass,2
Glass_389.jpg,Glass,2
Glass_376.jpg,Glass,2
Glass_410.jpg,Glass,2
Glass_404.jpg,Glass,2
Glass_362.jpg,Glass,2
Glass_72.jpg,Glass,2
Glass_174.jpg,Glass,2
Glass_160.jpg,Glass,2
Glass_148.jpg,Glass,2
Glass_7.jpg,Glass,2
Glass_228.jpg,Glass,2
Glass_200.jpg,Glass,2
Glass_214.jpg,Glass,2
Glass_5.jpg,Glass,2
Glass_176.jpg,Glass,2
Glass_162.jpg,Glass,2
Glass_189.jpg,Glass,2
Glass_348.jpg,Glass,2
Glass_70.jpg,Glass,2
Glass_64.jpg,Glass,2
Glass_412.jpg,Glass,2
Glass_374.jpg,Glass,2
Glass_58.jpg,Glass,2
Glass_406.jpg,Glass,2
Glass_59.jpg,Glass,2
Glass_407.jpg,Glass,2
Glass_375.jpg,Glass,2
Glass_65.jpg,Glass,2
Glass_71.jpg,Glass,2
Glass_349.jpg,Glass,2
Glass_163.jpg,Glass,2
Glass_4.jpg,Glass,2
Glass_215.jpg,Glass,2
Glass_201.jpg,Glass,2
Glass_229.jpg,Glass,2
Glass_205.jpg,Glass,2
Glass_211.jpg,Glass,2
Glass_239.jpg,Glass,2
Glass_173.jpg,Glass,2
Glass_167.jpg,Glass,2
Glass_371.jpg,Glass,2
Glass_49.jpg,Glass,2
Glass_417.jpg,Glass,2
Glass_403.jpg,Glass,2
Glass_365.jpg,Glass,2
Glass_61.jpg,Glass,2
Glass_359.jpg,Glass,2
Glass_358.jpg,Glass,2
Glass_60.jpg,Glass,2
Glass_74.jpg,Glass,2
Glass_402.jpg,Glass,2
Glass_370.jpg,Glass,2
Glass_416.jpg,Glass,2
Glass_199.jpg,Glass,2
Glass_1.jpg,Glass,2
Glass_210.jpg,Glass,2
Glass_206.jpg,Glass,2
Glass_164.jpg,Glass,2
Glass_158.jpg,Glass,2
Glass_366.jpg,Glass,2
Glass_414.jpg,Glass,2
Glass_372.jpg,Glass,2
Glass_62.jpg,Glass,2
Glass_76.jpg,Glass,2
Glass_399.jpg,Glass,2
Glass_398.jpg,Glass,2
Glass_88.jpg,Glass,2
Glass_77.jpg,Glass,2
Glass_373.jpg,Glass,2
Glass_367.jpg,Glass,2
Glass_401.jpg,Glass,2
Glass_159.jpg,Glass,2
Glass_171.jpg,Glass,2
Glass_165.jpg,Glass,2
Glass_2.jpg,Glass,2
Glass_207.jpg,Glass,2
Glass_213.jpg,Glass,2
Vegetation_303.jpg,Vegetation,8
Vegetation_115.jpg,Vegetation,8
Vegetation_101.jpg,Vegetation,8
Vegetation_129.jpg,Vegetation,8
Vegetation_263.jpg,Vegetation,8
Vegetation_64.jpg,Vegetation,8
Vegetation_288.jpg,Vegetation,8
Vegetation_289.jpg,Vegetation,8
Vegetation_59.jpg,Vegetation,8
Vegetation_65.jpg,Vegetation,8
Vegetation_262.jpg,Vegetation,8
Vegetation_128.jpg,Vegetation,8
Vegetation_100.jpg,Vegetation,8
Vegetation_114.jpg,Vegetation,8
Vegetation_302.jpg,Vegetation,8
Vegetation_300.jpg,Vegetation,8
Vegetation_102.jpg,Vegetation,8
Vegetation_116.jpg,Vegetation,8
Vegetation_274.jpg,Vegetation,8
Vegetation_67.jpg,Vegetation,8
Vegetation_73.jpg,Vegetation,8
Vegetation_248.jpg,Vegetation,8
Vegetation_98.jpg,Vegetation,8
Vegetation_249.jpg,Vegetation,8
Vegetation_72.jpg,Vegetation,8
Vegetation_261.jpg,Vegetation,8
Vegetation_66.jpg,Vegetation,8
Vegetation_117.jpg,Vegetation,8
Vegetation_103.jpg,Vegetation,8
Vegetation_315.jpg,Vegetation,8
Vegetation_339.jpg,Vegetation,8
Vegetation_305.jpg,Vegetation,8
Vegetation_311.jpg,Vegetation,8
Vegetation_107.jpg,Vegetation,8
Vegetation_259.jpg,Vegetation,8
Vegetation_271.jpg,Vegetation,8
Vegetation_62.jpg,Vegetation,8
Vegetation_265.jpg,Vegetation,8
Vegetation_76.jpg,Vegetation,8
Vegetation_89.jpg,Vegetation,8
Vegetation_88.jpg,Vegetation,8
Vegetation_264.jpg,Vegetation,8
Vegetation_63.jpg,Vegetation,8
Vegetation_258.jpg,Vegetation,8
Vegetation_310.jpg,Vegetation,8
Vegetation_304.jpg,Vegetation,8
Vegetation_312.jpg,Vegetation,8
Vegetation_306.jpg,Vegetation,8
Vegetation_110.jpg,Vegetation,8
Vegetation_104.jpg,Vegetation,8
Vegetation_49.jpg,Vegetation,8
Vegetation_266.jpg,Vegetation,8
Vegetation_75.jpg,Vegetation,8
Vegetation_272.jpg,Vegetation,8
Vegetation_8.jpg,Vegetation,8
Vegetation_298.jpg,Vegetation,8
Vegetation_74.jpg,Vegetation,8
Vegetation_267.jpg,Vegetation,8
Vegetation_105.jpg,Vegetation,8
Vegetation_111.jpg,Vegetation,8
Vegetation_139.jpg,Vegetation,8
Vegetation_307.jpg,Vegetation,8
Vegetation_313.jpg,Vegetation,8
Vegetation_412.jpg,Vegetation,8
Vegetation_374.jpg,Vegetation,8
Vegetation_360.jpg,Vegetation,8
Vegetation_406.jpg,Vegetation,8
Vegetation_348.jpg,Vegetation,8
Vegetation_176.jpg,Vegetation,8
Vegetation_162.jpg,Vegetation,8
Vegetation_189.jpg,Vegetation,8
Vegetation_200.jpg,Vegetation,8
Vegetation_214.jpg,Vegetation,8
Vegetation_229.jpg,Vegetation,8
Vegetation_12.jpg,Vegetation,8
Vegetation_201.jpg,Vegetation,8
Vegetation_188.jpg,Vegetation,8
Vegetation_177.jpg,Vegetation,8
Vegetation_349.jpg,Vegetation,8
Vegetation_361.jpg,Vegetation,8
Vegetation_413.jpg,Vegetation,8
Vegetation_375.jpg,Vegetation,8
Vegetation_405.jpg,Vegetation,8
Vegetation_363.jpg,Vegetation,8
Vegetation_377.jpg,Vegetation,8
Vegetation_388.jpg,Vegetation,8
Vegetation_161.jpg,Vegetation,8
Vegetation_175.jpg,Vegetation,8
Vegetation_217.jpg,Vegetation,8
Vegetation_10.jpg,Vegetation,8
Vegetation_39.jpg,Vegetation,8
Vegetation_11.jpg,Vegetation,8
Vegetation_216.jpg,Vegetation,8
Vegetation_148.jpg,Vegetation,8
Vegetation_174.jpg,Vegetation,8
Vegetation_389.jpg,Vegetation,8
Vegetation_376.jpg,Vegetation,8
Vegetation_410.jpg,Vegetation,8
Vegetation_404.jpg,Vegetation,8
Vegetation_428.jpg,Vegetation,8
Vegetation_366.jpg,Vegetation,8
Vegetation_400.jpg,Vegetation,8
Vegetation_414.jpg,Vegetation,8
Vegetation_372.jpg,Vegetation,8
Vegetation_399.jpg,Vegetation,8
Vegetation_158.jpg,Vegetation,8
Vegetation_164.jpg,Vegetation,8
Vegetation_15.jpg,Vegetation,8
Vegetation_14.jpg,Vegetation,8
Vegetation_207.jpg,Vegetation,8
Vegetation_213.jpg,Vegetation,8
Vegetation_28.jpg,Vegetation,8
Vegetation_165.jpg,Vegetation,8
Vegetation_373.jpg,Vegetation,8
Vegetation_367.jpg,Vegetation,8
Vegetation_401.jpg,Vegetation,8
Vegetation_429.jpg,Vegetation,8
Vegetation_371.jpg,Vegetation,8
Vegetation_417.jpg,Vegetation,8
Vegetation_403.jpg,Vegetation,8
Vegetation_167.jpg,Vegetation,8
Vegetation_239.jpg,Vegetation,8
Vegetation_16.jpg,Vegetation,8
Vegetation_211.jpg,Vegetation,8
Vegetation_210.jpg,Vegetation,8
Vegetation_204.jpg,Vegetation,8
Vegetation_166.jpg,Vegetation,8
Vegetation_172.jpg,Vegetation,8
Vegetation_402.jpg,Vegetation,8
Vegetation_364.jpg,Vegetation,8
Vegetation_370.jpg,Vegetation,8
Vegetation_416.jpg,Vegetation,8
Vegetation_433.jpg,Vegetation,8
Vegetation_355.jpg,Vegetation,8
Vegetation_341.jpg,Vegetation,8
Vegetation_369.jpg,Vegetation,8
Vegetation_396.jpg,Vegetation,8
Vegetation_382.jpg,Vegetation,8
Vegetation_157.jpg,Vegetation,8
Vegetation_143.jpg,Vegetation,8
Vegetation_194.jpg,Vegetation,8
Vegetation_180.jpg,Vegetation,8
Vegetation_221.jpg,Vegetation,8
Vegetation_235.jpg,Vegetation,8
Vegetation_209.jpg,Vegetation,8
Vegetation_208.jpg,Vegetation,8
Vegetation_27.jpg,Vegetation,8
Vegetation_220.jpg,Vegetation,8
Vegetation_156.jpg,Vegetation,8
Vegetation_397.jpg,Vegetation,8
Vegetation_368.jpg,Vegetation,8
Vegetation_432.jpg,Vegetation,8
Vegetation_354.jpg,Vegetation,8
Vegetation_424.jpg,Vegetation,8
Vegetation_342.jpg,Vegetation,8
Vegetation_356.jpg,Vegetation,8
Vegetation_381.jpg,Vegetation,8
Vegetation_395.jpg,Vegetation,8
Vegetation_140.jpg,Vegetation,8
Vegetation_154.jpg,Vegetation,8
Vegetation_183.jpg,Vegetation,8
Vegetation_197.jpg,Vegetation,8
Vegetation_236.jpg,Vegetation,8
Vegetation_25.jpg,Vegetation,8
Vegetation_222.jpg,Vegetation,8
Vegetation_31.jpg,Vegetation,8
Vegetation_19.jpg,Vegetation,8
Vegetation_24.jpg,Vegetation,8
Vegetation_237.jpg,Vegetation,8
Vegetation_182.jpg,Vegetation,8
Vegetation_169.jpg,Vegetation,8
Vegetation_155.jpg,Vegetation,8
Vegetation_141.jpg,Vegetation,8
Vegetation_394.jpg,Vegetation,8
Vegetation_380.jpg,Vegetation,8
Vegetation_431.jpg,Vegetation,8
Vegetation_425.jpg,Vegetation,8
Vegetation_343.jpg,Vegetation,8
Vegetation_409.jpg,Vegetation,8
Vegetation_421.jpg,Vegetation,8
Vegetation_435.jpg,Vegetation,8
Vegetation_353.jpg,Vegetation,8
Vegetation_384.jpg,Vegetation,8
Vegetation_179.jpg,Vegetation,8
Vegetation_186.jpg,Vegetation,8
Vegetation_233.jpg,Vegetation,8
Vegetation_20.jpg,Vegetation,8
Vegetation_227.jpg,Vegetation,8
Vegetation_21.jpg,Vegetation,8
Vegetation_232.jpg,Vegetation,8
Vegetation_193.jpg,Vegetation,8
Vegetation_187.jpg,Vegetation,8
Vegetation_150.jpg,Vegetation,8
Vegetation_391.jpg,Vegetation,8
Vegetation_352.jpg,Vegetation,8
Vegetation_346.jpg,Vegetation,8
Vegetation_420.jpg,Vegetation,8
Vegetation_408.jpg,Vegetation,8
Vegetation_378.jpg,Vegetation,8
Vegetation_350.jpg,Vegetation,8
Vegetation_436.jpg,Vegetation,8
Vegetation_422.jpg,Vegetation,8
Vegetation_344.jpg,Vegetation,8
Vegetation_393.jpg,Vegetation,8
Vegetation_191.jpg,Vegetation,8
Vegetation_218.jpg,Vegetation,8
Vegetation_224.jpg,Vegetation,8
Vegetation_231.jpg,Vegetation,8
Vegetation_36.jpg,Vegetation,8
Vegetation_219.jpg,Vegetation,8
Vegetation_147.jpg,Vegetation,8
Vegetation_153.jpg,Vegetation,8
Vegetation_392.jpg,Vegetation,8
Vegetation_423.jpg,Vegetation,8
Vegetation_345.jpg,Vegetation,8
Vegetation_351.jpg,Vegetation,8
Vegetation_379.jpg,Vegetation,8
Vegetation_322.jpg,Vegetation,8
Vegetation_120.jpg,Vegetation,8
Vegetation_108.jpg,Vegetation,8
Vegetation_242.jpg,Vegetation,8
Vegetation_51.jpg,Vegetation,8
Vegetation_256.jpg,Vegetation,8
Vegetation_45.jpg,Vegetation,8
Vegetation_281.jpg,Vegetation,8
Vegetation_86.jpg,Vegetation,8
Vegetation_295.jpg,Vegetation,8
Vegetation_294.jpg,Vegetation,8
Vegetation_280.jpg,Vegetation,8
Vegetation_93.jpg,Vegetation,8
Vegetation_44.jpg,Vegetation,8
Vegetation_257.jpg,Vegetation,8
Vegetation_50.jpg,Vegetation,8
Vegetation_121.jpg,Vegetation,8
Vegetation_323.jpg,Vegetation,8
Vegetation_337.jpg,Vegetation,8
Vegetation_321.jpg,Vegetation,8
Vegetation_335.jpg,Vegetation,8
Vegetation_309.jpg,Vegetation,8
Vegetation_123.jpg,Vegetation,8
Vegetation_137.jpg,Vegetation,8
Vegetation_255.jpg,Vegetation,8
Vegetation_46.jpg,Vegetation,8
Vegetation_241.jpg,Vegetation,8
Vegetation_52.jpg,Vegetation,8
Vegetation_269.jpg,Vegetation,8
Vegetation_296.jpg,Vegetation,8
Vegetation_283.jpg,Vegetation,8
Vegetation_297.jpg,Vegetation,8
Vegetation_84.jpg,Vegetation,8
Vegetation_53.jpg,Vegetation,8
Vegetation_47.jpg,Vegetation,8
Vegetation_254.jpg,Vegetation,8
Vegetation_136.jpg,Vegetation,8
Vegetation_122.jpg,Vegetation,8
Vegetation_308.jpg,Vegetation,8
Vegetation_334.jpg,Vegetation,8
Vegetation_320.jpg,Vegetation,8
Vegetation_318.jpg,Vegetation,8
Vegetation_324.jpg,Vegetation,8
Vegetation_330.jpg,Vegetation,8
Vegetation_126.jpg,Vegetation,8
Vegetation_278.jpg,Vegetation,8
Vegetation_43.jpg,Vegetation,8
Vegetation_244.jpg,Vegetation,8
Vegetation_57.jpg,Vegetation,8
Vegetation_3.jpg,Vegetation,8
Vegetation_80.jpg,Vegetation,8
Vegetation_293.jpg,Vegetation,8
Vegetation_287.jpg,Vegetation,8
Vegetation_286.jpg,Vegetation,8
Vegetation_292.jpg,Vegetation,8
Vegetation_81.jpg,Vegetation,8
Vegetation_2.jpg,Vegetation,8
Vegetation_56.jpg,Vegetation,8
Vegetation_42.jpg,Vegetation,8
Vegetation_279.jpg,Vegetation,8
Vegetation_133.jpg,Vegetation,8
Vegetation_127.jpg,Vegetation,8
Vegetation_325.jpg,Vegetation,8
Vegetation_319.jpg,Vegetation,8
Vegetation_333.jpg,Vegetation,8
Vegetation_125.jpg,Vegetation,8
Vegetation_68.jpg,Vegetation,8
Vegetation_247.jpg,Vegetation,8
Vegetation_253.jpg,Vegetation,8
Vegetation_40.jpg,Vegetation,8
Vegetation_97.jpg,Vegetation,8
Vegetation_284.jpg,Vegetation,8
Vegetation_290.jpg,Vegetation,8
Vegetation_291.jpg,Vegetation,8
Vegetation_82.jpg,Vegetation,8
Vegetation_96.jpg,Vegetation,8
Vegetation_252.jpg,Vegetation,8
Vegetation_55.jpg,Vegetation,8
Vegetation_69.jpg,Vegetation,8
Vegetation_130.jpg,Vegetation,8
Vegetation_118.jpg,Vegetation,8
Vegetation_326.jpg,Vegetation,8
Vegetation_332.jpg,Vegetation,8
Textile Trash_10.jpg,Textile Trash,7
Textile Trash_38.jpg,Textile Trash,7
Textile Trash_103.jpg,Textile Trash,7
Textile Trash_117.jpg,Textile Trash,7
Textile Trash_315.jpg,Textile Trash,7
Textile Trash_275.jpg,Textile Trash,7
Textile Trash_261.jpg,Textile Trash,7
Textile Trash_249.jpg,Textile Trash,7
Textile Trash_248.jpg,Textile Trash,7
Textile Trash_260.jpg,Textile Trash,7
Textile Trash_314.jpg,Textile Trash,7
Textile Trash_300.jpg,Textile Trash,7
Textile Trash_116.jpg,Textile Trash,7
Textile Trash_102.jpg,Textile Trash,7
Textile Trash_39.jpg,Textile Trash,7
Textile Trash_11.jpg,Textile Trash,7
Textile Trash_13.jpg,Textile Trash,7
Textile Trash_114.jpg,Textile Trash,7
Textile Trash_100.jpg,Textile Trash,7
Textile Trash_128.jpg,Textile Trash,7
Textile Trash_316.jpg,Textile Trash,7
Textile Trash_302.jpg,Textile Trash,7
Textile Trash_289.jpg,Textile Trash,7
Textile Trash_262.jpg,Textile Trash,7
Textile Trash_276.jpg,Textile Trash,7
Textile Trash_277.jpg,Textile Trash,7
Textile Trash_263.jpg,Textile Trash,7
Textile Trash_288.jpg,Textile Trash,7
Textile Trash_303.jpg,Textile Trash,7
Textile Trash_317.jpg,Textile Trash,7
Textile Trash_129.jpg,Textile Trash,7
Textile Trash_101.jpg,Textile Trash,7
Textile Trash_115.jpg,Textile Trash,7
Textile Trash_12.jpg,Textile Trash,7
Textile Trash_16.jpg,Textile Trash,7
Textile Trash_139.jpg,Textile Trash,7
Textile Trash_111.jpg,Textile Trash,7
Textile Trash_105.jpg,Textile Trash,7
Textile Trash_313.jpg,Textile Trash,7
Textile Trash_307.jpg,Textile Trash,7
Textile Trash_298.jpg,Textile Trash,7
Textile Trash_267.jpg,Textile Trash,7
Textile Trash_273.jpg,Textile Trash,7
Textile Trash_272.jpg,Textile Trash,7
Textile Trash_266.jpg,Textile Trash,7
Textile Trash_299.jpg,Textile Trash,7
Textile Trash_306.jpg,Textile Trash,7
Textile Trash_312.jpg,Textile Trash,7
Textile Trash_104.jpg,Textile Trash,7
Textile Trash_110.jpg,Textile Trash,7
Textile Trash_138.jpg,Textile Trash,7
Textile Trash_17.jpg,Textile Trash,7
Textile Trash_29.jpg,Textile Trash,7
Textile Trash_15.jpg,Textile Trash,7
Textile Trash_106.jpg,Textile Trash,7
Textile Trash_112.jpg,Textile Trash,7
Textile Trash_304.jpg,Textile Trash,7
Textile Trash_310.jpg,Textile Trash,7
Textile Trash_258.jpg,Textile Trash,7
Textile Trash_270.jpg,Textile Trash,7
Textile Trash_264.jpg,Textile Trash,7
Textile Trash_265.jpg,Textile Trash,7
Textile Trash_271.jpg,Textile Trash,7
Textile Trash_259.jpg,Textile Trash,7
Textile Trash_311.jpg,Textile Trash,7
Textile Trash_305.jpg,Textile Trash,7
Textile Trash_113.jpg,Textile Trash,7
Textile Trash_107.jpg,Textile Trash,7
Textile Trash_14.jpg,Textile Trash,7
Textile Trash_28.jpg,Textile Trash,7
Textile Trash_73.jpg,Textile Trash,7
Textile Trash_67.jpg,Textile Trash,7
Textile Trash_160.jpg,Textile Trash,7
Textile Trash_7.jpg,Textile Trash,7
Textile Trash_174.jpg,Textile Trash,7
Textile Trash_148.jpg,Textile Trash,7
Textile Trash_98.jpg,Textile Trash,7
Textile Trash_216.jpg,Textile Trash,7
Textile Trash_202.jpg,Textile Trash,7
Textile Trash_203.jpg,Textile Trash,7
Textile Trash_217.jpg,Textile Trash,7
Textile Trash_149.jpg,Textile Trash,7
Textile Trash_99.jpg,Textile Trash,7
Textile Trash_175.jpg,Textile Trash,7
Textile Trash_6.jpg,Textile Trash,7
Textile Trash_161.jpg,Textile Trash,7
Textile Trash_66.jpg,Textile Trash,7
Textile Trash_64.jpg,Textile Trash,7
Textile Trash_70.jpg,Textile Trash,7
Textile Trash_58.jpg,Textile Trash,7
Textile Trash_188.jpg,Textile Trash,7
Textile Trash_4.jpg,Textile Trash,7
Textile Trash_177.jpg,Textile Trash,7
Textile Trash_163.jpg,Textile Trash,7
Textile Trash_201.jpg,Textile Trash,7
Textile Trash_215.jpg,Textile Trash,7
Textile Trash_229.jpg,Textile Trash,7
Textile Trash_228.jpg,Textile Trash,7
Textile Trash_214.jpg,Textile Trash,7
Textile Trash_200.jpg,Textile Trash,7
Textile Trash_162.jpg,Textile Trash,7
Textile Trash_176.jpg,Textile Trash,7
Textile Trash_5.jpg,Textile Trash,7
Textile Trash_59.jpg,Textile Trash,7
Textile Trash_189.jpg,Textile Trash,7
Textile Trash_71.jpg,Textile Trash,7
Textile Trash_65.jpg,Textile Trash,7
Textile Trash_49.jpg,Textile Trash,7
Textile Trash_199.jpg,Textile Trash,7
Textile Trash_61.jpg,Textile Trash,7
Textile Trash_75.jpg,Textile Trash,7
Textile Trash_172.jpg,Textile Trash,7
Textile Trash_1.jpg,Textile Trash,7
Textile Trash_166.jpg,Textile Trash,7
Textile Trash_238.jpg,Textile Trash,7
Textile Trash_204.jpg,Textile Trash,7
Textile Trash_205.jpg,Textile Trash,7
Textile Trash_239.jpg,Textile Trash,7
Textile Trash_167.jpg,Textile Trash,7
Textile Trash_74.jpg,Textile Trash,7
Textile Trash_60.jpg,Textile Trash,7
Textile Trash_48.jpg,Textile Trash,7
Textile Trash_198.jpg,Textile Trash,7
Textile Trash_76.jpg,Textile Trash,7
Textile Trash_62.jpg,Textile Trash,7
Textile Trash_159.jpg,Textile Trash,7
Textile Trash_89.jpg,Textile Trash,7
Textile Trash_165.jpg,Textile Trash,7
Textile Trash_171.jpg,Textile Trash,7
Textile Trash_2.jpg,Textile Trash,7
Textile Trash_213.jpg,Textile Trash,7
Textile Trash_207.jpg,Textile Trash,7
Textile Trash_206.jpg,Textile Trash,7
Textile Trash_212.jpg,Textile Trash,7
Textile Trash_3.jpg,Textile Trash,7
Textile Trash_170.jpg,Textile Trash,7
Textile Trash_164.jpg,Textile Trash,7
Textile Trash_158.jpg,Textile Trash,7
Textile Trash_88.jpg,Textile Trash,7
Textile Trash_63.jpg,Textile Trash,7
Textile Trash_77.jpg,Textile Trash,7
Textile Trash_52.jpg,Textile Trash,7
Textile Trash_182.jpg,Textile Trash,7
Textile Trash_196.jpg,Textile Trash,7
Textile Trash_46.jpg,Textile Trash,7
Textile Trash_91.jpg,Textile Trash,7
Textile Trash_141.jpg,Textile Trash,7
Textile Trash_85.jpg,Textile Trash,7
Textile Trash_169.jpg,Textile Trash,7
Textile Trash_237.jpg,Textile Trash,7
Textile Trash_223.jpg,Textile Trash,7
Textile Trash_222.jpg,Textile Trash,7
Textile Trash_236.jpg,Textile Trash,7
Textile Trash_168.jpg,Textile Trash,7
Textile Trash_154.jpg,Textile Trash,7
Textile Trash_84.jpg,Textile Trash,7
Textile Trash_90.jpg,Textile Trash,7
Textile Trash_140.jpg,Textile Trash,7
Textile Trash_197.jpg,Textile Trash,7
Textile Trash_47.jpg,Textile Trash,7
Textile Trash_183.jpg,Textile Trash,7
Textile Trash_45.jpg,Textile Trash,7
Textile Trash_181.jpg,Textile Trash,7
Textile Trash_51.jpg,Textile Trash,7
Textile Trash_79.jpg,Textile Trash,7
Textile Trash_86.jpg,Textile Trash,7
Textile Trash_156.jpg,Textile Trash,7
Textile Trash_142.jpg,Textile Trash,7
Textile Trash_92.jpg,Textile Trash,7
Textile Trash_220.jpg,Textile Trash,7
Textile Trash_208.jpg,Textile Trash,7
Textile Trash_209.jpg,Textile Trash,7
Textile Trash_235.jpg,Textile Trash,7
Textile Trash_221.jpg,Textile Trash,7
Textile Trash_143.jpg,Textile Trash,7
Textile Trash_93.jpg,Textile Trash,7
Textile Trash_87.jpg,Textile Trash,7
Textile Trash_157.jpg,Textile Trash,7
Textile Trash_78.jpg,Textile Trash,7
Textile Trash_180.jpg,Textile Trash,7
Textile Trash_50.jpg,Textile Trash,7
Textile Trash_44.jpg,Textile Trash,7
Textile Trash_194.jpg,Textile Trash,7
Textile Trash_68.jpg,Textile Trash,7
Textile Trash_190.jpg,Textile Trash,7
Textile Trash_40.jpg,Textile Trash,7
Textile Trash_54.jpg,Textile Trash,7
Textile Trash_184.jpg,Textile Trash,7
Textile Trash_8.jpg,Textile Trash,7
Textile Trash_153.jpg,Textile Trash,7
Textile Trash_83.jpg,Textile Trash,7
Textile Trash_97.jpg,Textile Trash,7
Textile Trash_147.jpg,Textile Trash,7
Textile Trash_219.jpg,Textile Trash,7
Textile Trash_225.jpg,Textile Trash,7
Textile Trash_231.jpg,Textile Trash,7
Textile Trash_230.jpg,Textile Trash,7
Textile Trash_224.jpg,Textile Trash,7
Textile Trash_218.jpg,Textile Trash,7
Textile Trash_96.jpg,Textile Trash,7
Textile Trash_146.jpg,Textile Trash,7
Textile Trash_152.jpg,Textile Trash,7
Textile Trash_82.jpg,Textile Trash,7
Textile Trash_9.jpg,Textile Trash,7
Textile Trash_55.jpg,Textile Trash,7
Textile Trash_185.jpg,Textile Trash,7
Textile Trash_191.jpg,Textile Trash,7
Textile Trash_41.jpg,Textile Trash,7
Textile Trash_69.jpg,Textile Trash,7
Textile Trash_187.jpg,Textile Trash,7
Textile Trash_57.jpg,Textile Trash,7
Textile Trash_43.jpg,Textile Trash,7
Textile Trash_193.jpg,Textile Trash,7
Textile Trash_178.jpg,Textile Trash,7
Textile Trash_144.jpg,Textile Trash,7
Textile Trash_94.jpg,Textile Trash,7
Textile Trash_80.jpg,Textile Trash,7
Textile Trash_150.jpg,Textile Trash,7
Textile Trash_232.jpg,Textile Trash,7
Textile Trash_226.jpg,Textile Trash,7
Textile Trash_227.jpg,Textile Trash,7
Textile Trash_233.jpg,Textile Trash,7
Textile Trash_81.jpg,Textile Trash,7
Textile Trash_151.jpg,Textile Trash,7
Textile Trash_145.jpg,Textile Trash,7
Textile Trash_95.jpg,Textile Trash,7
Textile Trash_179.jpg,Textile Trash,7
Textile Trash_42.jpg,Textile Trash,7
Textile Trash_186.jpg,Textile Trash,7
Textile Trash_56.jpg,Textile Trash,7
Textile Trash_31.jpg,Textile Trash,7
Textile Trash_25.jpg,Textile Trash,7
Textile Trash_19.jpg,Textile Trash,7
Textile Trash_122.jpg,Textile Trash,7
Textile Trash_136.jpg,Textile Trash,7
Textile Trash_308.jpg,Textile Trash,7
Textile Trash_297.jpg,Textile Trash,7
Textile Trash_283.jpg,Textile Trash,7
Textile Trash_254.jpg,Textile Trash,7
Textile Trash_240.jpg,Textile Trash,7
Textile Trash_268.jpg,Textile Trash,7
Textile Trash_269.jpg,Textile Trash,7
Textile Trash_241.jpg,Textile Trash,7
Textile Trash_255.jpg,Textile Trash,7
Textile Trash_282.jpg,Textile Trash,7
Textile Trash_309.jpg,Textile Trash,7
Textile Trash_137.jpg,Textile Trash,7
Textile Trash_123.jpg,Textile Trash,7
Textile Trash_18.jpg,Textile Trash,7
Textile Trash_24.jpg,Textile Trash,7
Textile Trash_26.jpg,Textile Trash,7
Textile Trash_32.jpg,Textile Trash,7
Textile Trash_135.jpg,Textile Trash,7
Textile Trash_121.jpg,Textile Trash,7
Textile Trash_109.jpg,Textile Trash,7
Textile Trash_294.jpg,Textile Trash,7
Textile Trash_243.jpg,Textile Trash,7
Textile Trash_257.jpg,Textile Trash,7
Textile Trash_256.jpg,Textile Trash,7
Textile Trash_242.jpg,Textile Trash,7
Textile Trash_295.jpg,Textile Trash,7
Textile Trash_281.jpg,Textile Trash,7
Textile Trash_108.jpg,Textile Trash,7
Textile Trash_134.jpg,Textile Trash,7
Textile Trash_33.jpg,Textile Trash,7
Textile Trash_27.jpg,Textile Trash,7
Textile Trash_23.jpg,Textile Trash,7
Textile Trash_37.jpg,Textile Trash,7
Textile Trash_124.jpg,Textile Trash,7
Textile Trash_291.jpg,Textile Trash,7
Textile Trash_246.jpg,Textile Trash,7
Textile Trash_252.jpg,Textile Trash,7
Textile Trash_253.jpg,Textile Trash,7
Textile Trash_247.jpg,Textile Trash,7
Textile Trash_290.jpg,Textile Trash,7
Textile Trash_284.jpg,Textile Trash,7
Textile Trash_125.jpg,Textile Trash,7
Textile Trash_131.jpg,Textile Trash,7
Textile Trash_119.jpg,Textile Trash,7
Textile Trash_36.jpg,Textile Trash,7
Textile Trash_22.jpg,Textile Trash,7
Textile Trash_34.jpg,Textile Trash,7
Textile Trash_20.jpg,Textile Trash,7
Textile Trash_127.jpg,Textile Trash,7
Textile Trash_133.jpg,Textile Trash,7
Textile Trash_292.jpg,Textile Trash,7
Textile Trash_286.jpg,Textile Trash,7
Textile Trash_279.jpg,Textile Trash,7
Textile Trash_251.jpg,Textile Trash,7
Textile Trash_245.jpg,Textile Trash,7
Textile Trash_244.jpg,Textile Trash,7
Textile Trash_250.jpg,Textile Trash,7
Textile Trash_278.jpg,Textile Trash,7
Textile Trash_287.jpg,Textile Trash,7
Textile Trash_293.jpg,Textile Trash,7
Textile Trash_318.jpg,Textile Trash,7
Textile Trash_132.jpg,Textile Trash,7
Textile Trash_126.jpg,Textile Trash,7
Textile Trash_21.jpg,Textile Trash,7
Textile Trash_35.jpg,Textile Trash,7
Miscellaneous Trash_59.jpg,Miscellaneous Trash,4
Miscellaneous Trash_113.jpg,Miscellaneous Trash,4
Miscellaneous Trash_65.jpg,Miscellaneous Trash,4
Miscellaneous Trash_488.jpg,Miscellaneous Trash,4
Miscellaneous Trash_339.jpg,Miscellaneous Trash,4
Miscellaneous Trash_477.jpg,Miscellaneous Trash,4
Miscellaneous Trash_311.jpg,Miscellaneous Trash,4
Miscellaneous Trash_463.jpg,Miscellaneous Trash,4
Miscellaneous Trash_259.jpg,Miscellaneous Trash,4
Miscellaneous Trash_271.jpg,Miscellaneous Trash,4
Miscellaneous Trash_270.jpg,Miscellaneous Trash,4
Miscellaneous Trash_264.jpg,Miscellaneous Trash,4
Miscellaneous Trash_304.jpg,Miscellaneous Trash,4
Miscellaneous Trash_462.jpg,Miscellaneous Trash,4
Miscellaneous Trash_476.jpg,Miscellaneous Trash,4
Miscellaneous Trash_310.jpg,Miscellaneous Trash,4
Miscellaneous Trash_338.jpg,Miscellaneous Trash,4
Miscellaneous Trash_489.jpg,Miscellaneous Trash,4
Miscellaneous Trash_70.jpg,Miscellaneous Trash,4
Miscellaneous Trash_64.jpg,Miscellaneous Trash,4
Miscellaneous Trash_112.jpg,Miscellaneous Trash,4
Miscellaneous Trash_58.jpg,Miscellaneous Trash,4
Miscellaneous Trash_3.jpg,Miscellaneous Trash,4
Miscellaneous Trash_99.jpg,Miscellaneous Trash,4
Miscellaneous Trash_138.jpg,Miscellaneous Trash,4
Miscellaneous Trash_460.jpg,Miscellaneous Trash,4
Miscellaneous Trash_306.jpg,Miscellaneous Trash,4
Miscellaneous Trash_474.jpg,Miscellaneous Trash,4
Miscellaneous Trash_272.jpg,Miscellaneous Trash,4
Miscellaneous Trash_266.jpg,Miscellaneous Trash,4
Miscellaneous Trash_313.jpg,Miscellaneous Trash,4
Miscellaneous Trash_475.jpg,Miscellaneous Trash,4
Miscellaneous Trash_307.jpg,Miscellaneous Trash,4
Miscellaneous Trash_67.jpg,Miscellaneous Trash,4
Miscellaneous Trash_111.jpg,Miscellaneous Trash,4
Miscellaneous Trash_73.jpg,Miscellaneous Trash,4
Miscellaneous Trash_139.jpg,Miscellaneous Trash,4
Miscellaneous Trash_2.jpg,Miscellaneous Trash,4
Miscellaneous Trash_88.jpg,Miscellaneous Trash,4
Miscellaneous Trash_6.jpg,Miscellaneous Trash,4
Miscellaneous Trash_63.jpg,Miscellaneous Trash,4
Miscellaneous Trash_129.jpg,Miscellaneous Trash,4
Miscellaneous Trash_471.jpg,Miscellaneous Trash,4
Miscellaneous Trash_459.jpg,Miscellaneous Trash,4
Miscellaneous Trash_288.jpg,Miscellaneous Trash,4
Miscellaneous Trash_263.jpg,Miscellaneous Trash,4
Miscellaneous Trash_262.jpg,Miscellaneous Trash,4
Miscellaneous Trash_276.jpg,Miscellaneous Trash,4
Miscellaneous Trash_458.jpg,Miscellaneous Trash,4
Miscellaneous Trash_302.jpg,Miscellaneous Trash,4
Miscellaneous Trash_464.jpg,Miscellaneous Trash,4
Miscellaneous Trash_128.jpg,Miscellaneous Trash,4
Miscellaneous Trash_62.jpg,Miscellaneous Trash,4
Miscellaneous Trash_114.jpg,Miscellaneous Trash,4
Miscellaneous Trash_76.jpg,Miscellaneous Trash,4
Miscellaneous Trash_100.jpg,Miscellaneous Trash,4
Miscellaneous Trash_5.jpg,Miscellaneous Trash,4
Miscellaneous Trash_116.jpg,Miscellaneous Trash,4
Miscellaneous Trash_60.jpg,Miscellaneous Trash,4
Miscellaneous Trash_74.jpg,Miscellaneous Trash,4
Miscellaneous Trash_48.jpg,Miscellaneous Trash,4
Miscellaneous Trash_472.jpg,Miscellaneous Trash,4
Miscellaneous Trash_466.jpg,Miscellaneous Trash,4
Miscellaneous Trash_300.jpg,Miscellaneous Trash,4
Miscellaneous Trash_328.jpg,Miscellaneous Trash,4
Miscellaneous Trash_260.jpg,Miscellaneous Trash,4
Miscellaneous Trash_274.jpg,Miscellaneous Trash,4
Miscellaneous Trash_275.jpg,Miscellaneous Trash,4
Miscellaneous Trash_261.jpg,Miscellaneous Trash,4
Miscellaneous Trash_467.jpg,Miscellaneous Trash,4
Miscellaneous Trash_49.jpg,Miscellaneous Trash,4
Miscellaneous Trash_75.jpg,Miscellaneous Trash,4
Miscellaneous Trash_4.jpg,Miscellaneous Trash,4
Miscellaneous Trash_158.jpg,Miscellaneous Trash,4
Miscellaneous Trash_170.jpg,Miscellaneous Trash,4
Miscellaneous Trash_164.jpg,Miscellaneous Trash,4
Miscellaneous Trash_399.jpg,Miscellaneous Trash,4
Miscellaneous Trash_428.jpg,Miscellaneous Trash,4
Miscellaneous Trash_414.jpg,Miscellaneous Trash,4
Miscellaneous Trash_366.jpg,Miscellaneous Trash,4
Miscellaneous Trash_206.jpg,Miscellaneous Trash,4
Miscellaneous Trash_401.jpg,Miscellaneous Trash,4
Miscellaneous Trash_367.jpg,Miscellaneous Trash,4
Miscellaneous Trash_429.jpg,Miscellaneous Trash,4
Miscellaneous Trash_13.jpg,Miscellaneous Trash,4
Miscellaneous Trash_165.jpg,Miscellaneous Trash,4
Miscellaneous Trash_171.jpg,Miscellaneous Trash,4
Miscellaneous Trash_198.jpg,Miscellaneous Trash,4
Miscellaneous Trash_39.jpg,Miscellaneous Trash,4
Miscellaneous Trash_173.jpg,Miscellaneous Trash,4
Miscellaneous Trash_365.jpg,Miscellaneous Trash,4
Miscellaneous Trash_403.jpg,Miscellaneous Trash,4
Miscellaneous Trash_417.jpg,Miscellaneous Trash,4
Miscellaneous Trash_371.jpg,Miscellaneous Trash,4
Miscellaneous Trash_239.jpg,Miscellaneous Trash,4
Miscellaneous Trash_204.jpg,Miscellaneous Trash,4
Miscellaneous Trash_210.jpg,Miscellaneous Trash,4
Miscellaneous Trash_238.jpg,Miscellaneous Trash,4
Miscellaneous Trash_416.jpg,Miscellaneous Trash,4
Miscellaneous Trash_370.jpg,Miscellaneous Trash,4
Miscellaneous Trash_358.jpg,Miscellaneous Trash,4
Miscellaneous Trash_172.jpg,Miscellaneous Trash,4
Miscellaneous Trash_166.jpg,Miscellaneous Trash,4
Miscellaneous Trash_38.jpg,Miscellaneous Trash,4
Miscellaneous Trash_199.jpg,Miscellaneous Trash,4
Miscellaneous Trash_162.jpg,Miscellaneous Trash,4
Miscellaneous Trash_176.jpg,Miscellaneous Trash,4
Miscellaneous Trash_28.jpg,Miscellaneous Trash,4
Miscellaneous Trash_406.jpg,Miscellaneous Trash,4
Miscellaneous Trash_348.jpg,Miscellaneous Trash,4
Miscellaneous Trash_214.jpg,Miscellaneous Trash,4
Miscellaneous Trash_229.jpg,Miscellaneous Trash,4
Miscellaneous Trash_201.jpg,Miscellaneous Trash,4
Miscellaneous Trash_215.jpg,Miscellaneous Trash,4
Miscellaneous Trash_349.jpg,Miscellaneous Trash,4
Miscellaneous Trash_375.jpg,Miscellaneous Trash,4
Miscellaneous Trash_413.jpg,Miscellaneous Trash,4
Miscellaneous Trash_407.jpg,Miscellaneous Trash,4
Miscellaneous Trash_361.jpg,Miscellaneous Trash,4
Miscellaneous Trash_177.jpg,Miscellaneous Trash,4
Miscellaneous Trash_15.jpg,Miscellaneous Trash,4
Miscellaneous Trash_163.jpg,Miscellaneous Trash,4
Miscellaneous Trash_188.jpg,Miscellaneous Trash,4
Miscellaneous Trash_149.jpg,Miscellaneous Trash,4
Miscellaneous Trash_388.jpg,Miscellaneous Trash,4
Miscellaneous Trash_405.jpg,Miscellaneous Trash,4
Miscellaneous Trash_203.jpg,Miscellaneous Trash,4
Miscellaneous Trash_216.jpg,Miscellaneous Trash,4
Miscellaneous Trash_438.jpg,Miscellaneous Trash,4
Miscellaneous Trash_404.jpg,Miscellaneous Trash,4
Miscellaneous Trash_410.jpg,Miscellaneous Trash,4
Miscellaneous Trash_376.jpg,Miscellaneous Trash,4
Miscellaneous Trash_389.jpg,Miscellaneous Trash,4
Miscellaneous Trash_16.jpg,Miscellaneous Trash,4
Miscellaneous Trash_160.jpg,Miscellaneous Trash,4
Miscellaneous Trash_174.jpg,Miscellaneous Trash,4
Miscellaneous Trash_192.jpg,Miscellaneous Trash,4
Miscellaneous Trash_186.jpg,Miscellaneous Trash,4
Miscellaneous Trash_151.jpg,Miscellaneous Trash,4
Miscellaneous Trash_145.jpg,Miscellaneous Trash,4
Miscellaneous Trash_33.jpg,Miscellaneous Trash,4
Miscellaneous Trash_384.jpg,Miscellaneous Trash,4
Miscellaneous Trash_409.jpg,Miscellaneous Trash,4
Miscellaneous Trash_353.jpg,Miscellaneous Trash,4
Miscellaneous Trash_421.jpg,Miscellaneous Trash,4
Miscellaneous Trash_347.jpg,Miscellaneous Trash,4
Miscellaneous Trash_227.jpg,Miscellaneous Trash,4
Miscellaneous Trash_232.jpg,Miscellaneous Trash,4
Miscellaneous Trash_226.jpg,Miscellaneous Trash,4
Miscellaneous Trash_420.jpg,Miscellaneous Trash,4
Miscellaneous Trash_346.jpg,Miscellaneous Trash,4
Miscellaneous Trash_352.jpg,Miscellaneous Trash,4
Miscellaneous Trash_434.jpg,Miscellaneous Trash,4
Miscellaneous Trash_408.jpg,Miscellaneous Trash,4
Miscellaneous Trash_385.jpg,Miscellaneous Trash,4
Miscellaneous Trash_391.jpg,Miscellaneous Trash,4
Miscellaneous Trash_26.jpg,Miscellaneous Trash,4
Miscellaneous Trash_150.jpg,Miscellaneous Trash,4
Miscellaneous Trash_178.jpg,Miscellaneous Trash,4
Miscellaneous Trash_187.jpg,Miscellaneous Trash,4
Miscellaneous Trash_185.jpg,Miscellaneous Trash,4
Miscellaneous Trash_191.jpg,Miscellaneous Trash,4
Miscellaneous Trash_146.jpg,Miscellaneous Trash,4
Miscellaneous Trash_24.jpg,Miscellaneous Trash,4
Miscellaneous Trash_387.jpg,Miscellaneous Trash,4
Miscellaneous Trash_393.jpg,Miscellaneous Trash,4
Miscellaneous Trash_378.jpg,Miscellaneous Trash,4
Miscellaneous Trash_422.jpg,Miscellaneous Trash,4
Miscellaneous Trash_350.jpg,Miscellaneous Trash,4
Miscellaneous Trash_218.jpg,Miscellaneous Trash,4
Miscellaneous Trash_230.jpg,Miscellaneous Trash,4
Miscellaneous Trash_225.jpg,Miscellaneous Trash,4
Miscellaneous Trash_231.jpg,Miscellaneous Trash,4
Miscellaneous Trash_351.jpg,Miscellaneous Trash,4
Miscellaneous Trash_345.jpg,Miscellaneous Trash,4
Miscellaneous Trash_25.jpg,Miscellaneous Trash,4
Miscellaneous Trash_153.jpg,Miscellaneous Trash,4
Miscellaneous Trash_19.jpg,Miscellaneous Trash,4
Miscellaneous Trash_190.jpg,Miscellaneous Trash,4
Miscellaneous Trash_184.jpg,Miscellaneous Trash,4
Miscellaneous Trash_194.jpg,Miscellaneous Trash,4
Miscellaneous Trash_157.jpg,Miscellaneous Trash,4
Miscellaneous Trash_396.jpg,Miscellaneous Trash,4
Miscellaneous Trash_433.jpg,Miscellaneous Trash,4
Miscellaneous Trash_235.jpg,Miscellaneous Trash,4
Miscellaneous Trash_221.jpg,Miscellaneous Trash,4
Miscellaneous Trash_234.jpg,Miscellaneous Trash,4
Miscellaneous Trash_368.jpg,Miscellaneous Trash,4
Miscellaneous Trash_340.jpg,Miscellaneous Trash,4
Miscellaneous Trash_383.jpg,Miscellaneous Trash,4
Miscellaneous Trash_156.jpg,Miscellaneous Trash,4
Miscellaneous Trash_34.jpg,Miscellaneous Trash,4
Miscellaneous Trash_181.jpg,Miscellaneous Trash,4
Miscellaneous Trash_197.jpg,Miscellaneous Trash,4
Miscellaneous Trash_154.jpg,Miscellaneous Trash,4
Miscellaneous Trash_168.jpg,Miscellaneous Trash,4
Miscellaneous Trash_381.jpg,Miscellaneous Trash,4
Miscellaneous Trash_356.jpg,Miscellaneous Trash,4
Miscellaneous Trash_342.jpg,Miscellaneous Trash,4
Miscellaneous Trash_418.jpg,Miscellaneous Trash,4
Miscellaneous Trash_222.jpg,Miscellaneous Trash,4
Miscellaneous Trash_223.jpg,Miscellaneous Trash,4
Miscellaneous Trash_343.jpg,Miscellaneous Trash,4
Miscellaneous Trash_425.jpg,Miscellaneous Trash,4
Miscellaneous Trash_431.jpg,Miscellaneous Trash,4
Miscellaneous Trash_357.jpg,Miscellaneous Trash,4
Miscellaneous Trash_380.jpg,Miscellaneous Trash,4
Miscellaneous Trash_169.jpg,Miscellaneous Trash,4
Miscellaneous Trash_37.jpg,Miscellaneous Trash,4
Miscellaneous Trash_141.jpg,Miscellaneous Trash,4
Miscellaneous Trash_23.jpg,Miscellaneous Trash,4
Miscellaneous Trash_155.jpg,Miscellaneous Trash,4
Miscellaneous Trash_182.jpg,Miscellaneous Trash,4
Miscellaneous Trash_196.jpg,Miscellaneous Trash,4
Miscellaneous Trash_87.jpg,Miscellaneous Trash,4
Miscellaneous Trash_9.jpg,Miscellaneous Trash,4
Miscellaneous Trash_78.jpg,Miscellaneous Trash,4
Miscellaneous Trash_132.jpg,Miscellaneous Trash,4
Miscellaneous Trash_126.jpg,Miscellaneous Trash,4
Miscellaneous Trash_50.jpg,Miscellaneous Trash,4
Miscellaneous Trash_495.jpg,Miscellaneous Trash,4
Miscellaneous Trash_481.jpg,Miscellaneous Trash,4
Miscellaneous Trash_324.jpg,Miscellaneous Trash,4
Miscellaneous Trash_293.jpg,Miscellaneous Trash,4
Miscellaneous Trash_278.jpg,Miscellaneous Trash,4
Miscellaneous Trash_244.jpg,Miscellaneous Trash,4
Miscellaneous Trash_250.jpg,Miscellaneous Trash,4
Miscellaneous Trash_251.jpg,Miscellaneous Trash,4
Miscellaneous Trash_245.jpg,Miscellaneous Trash,4
Miscellaneous Trash_279.jpg,Miscellaneous Trash,4
Miscellaneous Trash_292.jpg,Miscellaneous Trash,4
Miscellaneous Trash_286.jpg,Miscellaneous Trash,4
Miscellaneous Trash_325.jpg,Miscellaneous Trash,4
Miscellaneous Trash_443.jpg,Miscellaneous Trash,4
Miscellaneous Trash_457.jpg,Miscellaneous Trash,4
Miscellaneous Trash_51.jpg,Miscellaneous Trash,4
Miscellaneous Trash_133.jpg,Miscellaneous Trash,4
Miscellaneous Trash_8.jpg,Miscellaneous Trash,4
Miscellaneous Trash_86.jpg,Miscellaneous Trash,4
Miscellaneous Trash_90.jpg,Miscellaneous Trash,4
Miscellaneous Trash_84.jpg,Miscellaneous Trash,4
Miscellaneous Trash_53.jpg,Miscellaneous Trash,4
Miscellaneous Trash_131.jpg,Miscellaneous Trash,4
Miscellaneous Trash_469.jpg,Miscellaneous Trash,4
Miscellaneous Trash_441.jpg,Miscellaneous Trash,4
Miscellaneous Trash_455.jpg,Miscellaneous Trash,4
Miscellaneous Trash_284.jpg,Miscellaneous Trash,4
Miscellaneous Trash_246.jpg,Miscellaneous Trash,4
Miscellaneous Trash_252.jpg,Miscellaneous Trash,4
Miscellaneous Trash_332.jpg,Miscellaneous Trash,4
Miscellaneous Trash_454.jpg,Miscellaneous Trash,4
Miscellaneous Trash_326.jpg,Miscellaneous Trash,4
Miscellaneous Trash_468.jpg,Miscellaneous Trash,4
Miscellaneous Trash_130.jpg,Miscellaneous Trash,4
Miscellaneous Trash_124.jpg,Miscellaneous Trash,4
Miscellaneous Trash_118.jpg,Miscellaneous Trash,4
Miscellaneous Trash_85.jpg,Miscellaneous Trash,4
Miscellaneous Trash_91.jpg,Miscellaneous Trash,4
Miscellaneous Trash_120.jpg,Miscellaneous Trash,4
Miscellaneous Trash_134.jpg,Miscellaneous Trash,4
Miscellaneous Trash_487.jpg,Miscellaneous Trash,4
Miscellaneous Trash_322.jpg,Miscellaneous Trash,4
Miscellaneous Trash_281.jpg,Miscellaneous Trash,4
Miscellaneous Trash_242.jpg,Miscellaneous Trash,4
Miscellaneous Trash_280.jpg,Miscellaneous Trash,4
Miscellaneous Trash_479.jpg,Miscellaneous Trash,4
Miscellaneous Trash_451.jpg,Miscellaneous Trash,4
Miscellaneous Trash_337.jpg,Miscellaneous Trash,4
Miscellaneous Trash_323.jpg,Miscellaneous Trash,4
Miscellaneous Trash_445.jpg,Miscellaneous Trash,4
Miscellaneous Trash_43.jpg,Miscellaneous Trash,4
Miscellaneous Trash_57.jpg,Miscellaneous Trash,4
Miscellaneous Trash_121.jpg,Miscellaneous Trash,4
Miscellaneous Trash_94.jpg,Miscellaneous Trash,4
Miscellaneous Trash_82.jpg,Miscellaneous Trash,4
Miscellaneous Trash_96.jpg,Miscellaneous Trash,4
Miscellaneous Trash_123.jpg,Miscellaneous Trash,4
Miscellaneous Trash_55.jpg,Miscellaneous Trash,4
Miscellaneous Trash_69.jpg,Miscellaneous Trash,4
Miscellaneous Trash_453.jpg,Miscellaneous Trash,4
Miscellaneous Trash_447.jpg,Miscellaneous Trash,4
Miscellaneous Trash_321.jpg,Miscellaneous Trash,4
Miscellaneous Trash_309.jpg,Miscellaneous Trash,4
Miscellaneous Trash_282.jpg,Miscellaneous Trash,4
Miscellaneous Trash_296.jpg,Miscellaneous Trash,4
Miscellaneous Trash_241.jpg,Miscellaneous Trash,4
Miscellaneous Trash_255.jpg,Miscellaneous Trash,4
Miscellaneous Trash_269.jpg,Miscellaneous Trash,4
Miscellaneous Trash_268.jpg,Miscellaneous Trash,4
Miscellaneous Trash_254.jpg,Miscellaneous Trash,4
Miscellaneous Trash_283.jpg,Miscellaneous Trash,4
Miscellaneous Trash_308.jpg,Miscellaneous Trash,4
Miscellaneous Trash_446.jpg,Miscellaneous Trash,4
Miscellaneous Trash_320.jpg,Miscellaneous Trash,4
Miscellaneous Trash_334.jpg,Miscellaneous Trash,4
Miscellaneous Trash_452.jpg,Miscellaneous Trash,4
Miscellaneous Trash_68.jpg,Miscellaneous Trash,4
Miscellaneous Trash_54.jpg,Miscellaneous Trash,4
Miscellaneous Trash_136.jpg,Miscellaneous Trash,4
Miscellaneous Trash_83.jpg,Miscellaneous Trash,4
Plastic_753.jpg,Plastic,6
Plastic_784.jpg,Plastic,6
Plastic_790.jpg,Plastic,6
Plastic_223.jpg,Plastic,6
Plastic_545.jpg,Plastic,6
Plastic_551.jpg,Plastic,6
Plastic_586.jpg,Plastic,6
Plastic_71.jpg,Plastic,6
Plastic_425.jpg,Plastic,6
Plastic_394.jpg,Plastic,6
Plastic_633.jpg,Plastic,6
Plastic_155.jpg,Plastic,6
Plastic_182.jpg,Plastic,6
Plastic_801.jpg,Plastic,6
Plastic_815.jpg,Plastic,6
Plastic_197.jpg,Plastic,6
Plastic_140.jpg,Plastic,6
Plastic_154.jpg,Plastic,6
Plastic_418.jpg,Plastic,6
Plastic_58.jpg,Plastic,6
Plastic_578.jpg,Plastic,6
Plastic_222.jpg,Plastic,6
Plastic_544.jpg,Plastic,6
Plastic_791.jpg,Plastic,6
Plastic_750.jpg,Plastic,6
Plastic_778.jpg,Plastic,6
Plastic_552.jpg,Plastic,6
Plastic_220.jpg,Plastic,6
Plastic_208.jpg,Plastic,6
Plastic_591.jpg,Plastic,6
Plastic_368.jpg,Plastic,6
Plastic_383.jpg,Plastic,6
Plastic_397.jpg,Plastic,6
Plastic_194.jpg,Plastic,6
Plastic_157.jpg,Plastic,6
Plastic_143.jpg,Plastic,6
Plastic_396.jpg,Plastic,6
Plastic_355.jpg,Plastic,6
Plastic_553.jpg,Plastic,6
Plastic_786.jpg,Plastic,6
Plastic_769.jpg,Plastic,6
Plastic_796.jpg,Plastic,6
Plastic_782.jpg,Plastic,6
Plastic_219.jpg,Plastic,6
Plastic_557.jpg,Plastic,6
Plastic_423.jpg,Plastic,6
Plastic_437.jpg,Plastic,6
Plastic_609.jpg,Plastic,6
Plastic_147.jpg,Plastic,6
Plastic_635.jpg,Plastic,6
Plastic_153.jpg,Plastic,6
Plastic_185.jpg,Plastic,6
Plastic_813.jpg,Plastic,6
Plastic_634.jpg,Plastic,6
Plastic_152.jpg,Plastic,6
Plastic_146.jpg,Plastic,6
Plastic_393.jpg,Plastic,6
Plastic_387.jpg,Plastic,6
Plastic_436.jpg,Plastic,6
Plastic_542.jpg,Plastic,6
Plastic_556.jpg,Plastic,6
Plastic_783.jpg,Plastic,6
Plastic_740.jpg,Plastic,6
Plastic_781.jpg,Plastic,6
Plastic_795.jpg,Plastic,6
Plastic_540.jpg,Plastic,6
Plastic_554.jpg,Plastic,6
Plastic_74.jpg,Plastic,6
Plastic_583.jpg,Plastic,6
Plastic_420.jpg,Plastic,6
Plastic_385.jpg,Plastic,6
Plastic_811.jpg,Plastic,6
Plastic_193.jpg,Plastic,6
Plastic_839.jpg,Plastic,6
Plastic_187.jpg,Plastic,6
Plastic_838.jpg,Plastic,6
Plastic_186.jpg,Plastic,6
Plastic_192.jpg,Plastic,6
Plastic_804.jpg,Plastic,6
Plastic_145.jpg,Plastic,6
Plastic_435.jpg,Plastic,6
Plastic_596.jpg,Plastic,6
Plastic_582.jpg,Plastic,6
Plastic_555.jpg,Plastic,6
Plastic_757.jpg,Plastic,6
Plastic_724.jpg,Plastic,6
Plastic_718.jpg,Plastic,6
Plastic_917.jpg,Plastic,6
Plastic_240.jpg,Plastic,6
Plastic_283.jpg,Plastic,6
Plastic_446.jpg,Plastic,6
Plastic_485.jpg,Plastic,6
Plastic_136.jpg,Plastic,6
Plastic_644.jpg,Plastic,6
Plastic_678.jpg,Plastic,6
Plastic_877.jpg,Plastic,6
Plastic_876.jpg,Plastic,6
Plastic_692.jpg,Plastic,6
Plastic_645.jpg,Plastic,6
Plastic_123.jpg,Plastic,6
Plastic_651.jpg,Plastic,6
Plastic_490.jpg,Plastic,6
Plastic_447.jpg,Plastic,6
Plastic_282.jpg,Plastic,6
Plastic_241.jpg,Plastic,6
Plastic_916.jpg,Plastic,6
Plastic_731.jpg,Plastic,6
Plastic_725.jpg,Plastic,6
Plastic_733.jpg,Plastic,6
Plastic_914.jpg,Plastic,6
Plastic_900.jpg,Plastic,6
Plastic_519.jpg,Plastic,6
Plastic_11.jpg,Plastic,6
Plastic_445.jpg,Plastic,6
Plastic_323.jpg,Plastic,6
Plastic_479.jpg,Plastic,6
Plastic_647.jpg,Plastic,6
Plastic_135.jpg,Plastic,6
Plastic_109.jpg,Plastic,6
Plastic_684.jpg,Plastic,6
Plastic_848.jpg,Plastic,6
Plastic_860.jpg,Plastic,6
Plastic_487.jpg,Plastic,6
Plastic_322.jpg,Plastic,6
Plastic_242.jpg,Plastic,6
Plastic_530.jpg,Plastic,6
Plastic_256.jpg,Plastic,6
Plastic_901.jpg,Plastic,6
Plastic_915.jpg,Plastic,6
Plastic_726.jpg,Plastic,6
Plastic_732.jpg,Plastic,6
Plastic_911.jpg,Plastic,6
Plastic_905.jpg,Plastic,6
Plastic_508.jpg,Plastic,6
Plastic_520.jpg,Plastic,6
Plastic_285.jpg,Plastic,6
Plastic_440.jpg,Plastic,6
Plastic_454.jpg,Plastic,6
Plastic_332.jpg,Plastic,6
Plastic_497.jpg,Plastic,6
Plastic_642.jpg,Plastic,6
Plastic_656.jpg,Plastic,6
Plastic_865.jpg,Plastic,6
Plastic_871.jpg,Plastic,6
Plastic_695.jpg,Plastic,6
Plastic_694.jpg,Plastic,6
Plastic_870.jpg,Plastic,6
Plastic_643.jpg,Plastic,6
Plastic_119.jpg,Plastic,6
Plastic_482.jpg,Plastic,6
Plastic_455.jpg,Plastic,6
Plastic_441.jpg,Plastic,6
Plastic_29.jpg,Plastic,6
Plastic_284.jpg,Plastic,6
Plastic_15.jpg,Plastic,6
Plastic_253.jpg,Plastic,6
Plastic_904.jpg,Plastic,6
Plastic_723.jpg,Plastic,6
Plastic_737.jpg,Plastic,6
Plastic_245.jpg,Plastic,6
Plastic_457.jpg,Plastic,6
Plastic_325.jpg,Plastic,6
Plastic_480.jpg,Plastic,6
Plastic_127.jpg,Plastic,6
Plastic_641.jpg,Plastic,6
Plastic_872.jpg,Plastic,6
Plastic_696.jpg,Plastic,6
Plastic_873.jpg,Plastic,6
Plastic_898.jpg,Plastic,6
Plastic_668.jpg,Plastic,6
Plastic_481.jpg,Plastic,6
Plastic_324.jpg,Plastic,6
Plastic_456.jpg,Plastic,6
Plastic_287.jpg,Plastic,6
Plastic_16.jpg,Plastic,6
Plastic_244.jpg,Plastic,6
Plastic_522.jpg,Plastic,6
Plastic_278.jpg,Plastic,6
Plastic_913.jpg,Plastic,6
Plastic_734.jpg,Plastic,6
Plastic_720.jpg,Plastic,6
Plastic_705.jpg,Plastic,6
Plastic_27.jpg,Plastic,6
Plastic_473.jpg,Plastic,6
Plastic_315.jpg,Plastic,6
Plastic_665.jpg,Plastic,6
Plastic_842.jpg,Plastic,6
Plastic_658.jpg,Plastic,6
Plastic_880.jpg,Plastic,6
Plastic_670.jpg,Plastic,6
Plastic_300.jpg,Plastic,6
Plastic_512.jpg,Plastic,6
Plastic_704.jpg,Plastic,6
Plastic_909.jpg,Plastic,6
Plastic_538.jpg,Plastic,6
Plastic_672.jpg,Plastic,6
Plastic_854.jpg,Plastic,6
Plastic_303.jpg,Plastic,6
Plastic_288.jpg,Plastic,6
Plastic_277.jpg,Plastic,6
Plastic_707.jpg,Plastic,6
Plastic_713.jpg,Plastic,6
Plastic_529.jpg,Plastic,6
Plastic_273.jpg,Plastic,6
Plastic_515.jpg,Plastic,6
Plastic_35.jpg,Plastic,6
Plastic_298.jpg,Plastic,6
Plastic_449.jpg,Plastic,6
Plastic_475.jpg,Plastic,6
Plastic_893.jpg,Plastic,6
Plastic_105.jpg,Plastic,6
Plastic_878.jpg,Plastic,6
Plastic_845.jpg,Plastic,6
Plastic_662.jpg,Plastic,6
Plastic_714.jpg,Plastic,6
Plastic_516.jpg,Plastic,6
Plastic_270.jpg,Plastic,6
Plastic_36.jpg,Plastic,6
Plastic_22.jpg,Plastic,6
Plastic_310.jpg,Plastic,6
Plastic_489.jpg,Plastic,6
Plastic_674.jpg,Plastic,6
Plastic_853.jpg,Plastic,6
Plastic_107.jpg,Plastic,6
Plastic_113.jpg,Plastic,6
Plastic_488.jpg,Plastic,6
Plastic_311.jpg,Plastic,6
Plastic_339.jpg,Plastic,6
Plastic_517.jpg,Plastic,6
Plastic_503.jpg,Plastic,6
Plastic_87.jpg,Plastic,6
Plastic_50.jpg,Plastic,6
Plastic_362.jpg,Plastic,6
Plastic_808.jpg,Plastic,6
Plastic_439.jpg,Plastic,6
Plastic_377.jpg,Plastic,6
Plastic_79.jpg,Plastic,6
Plastic_92.jpg,Plastic,6
Plastic_773.jpg,Plastic,6
Plastic_767.jpg,Plastic,6
Plastic_771.jpg,Plastic,6
Plastic_759.jpg,Plastic,6
Plastic_567.jpg,Plastic,6
Plastic_201.jpg,Plastic,6
Plastic_229.jpg,Plastic,6
Plastic_84.jpg,Plastic,6
Plastic_90.jpg,Plastic,6
Plastic_361.jpg,Plastic,6
Plastic_407.jpg,Plastic,6
Plastic_189.jpg,Plastic,6
Plastic_837.jpg,Plastic,6
Plastic_823.jpg,Plastic,6
Plastic_610.jpg,Plastic,6
Plastic_604.jpg,Plastic,6
Plastic_412.jpg,Plastic,6
Plastic_374.jpg,Plastic,6
Plastic_52.jpg,Plastic,6
Plastic_228.jpg,Plastic,6
Plastic_566.jpg,Plastic,6
Plastic_758.jpg,Plastic,6
Plastic_770.jpg,Plastic,6
Plastic_748.jpg,Plastic,6
Plastic_81.jpg,Plastic,6
Plastic_238.jpg,Plastic,6
Plastic_576.jpg,Plastic,6
Plastic_562.jpg,Plastic,6
Plastic_589.jpg,Plastic,6
Plastic_402.jpg,Plastic,6
Plastic_364.jpg,Plastic,6
Plastic_370.jpg,Plastic,6
Plastic_614.jpg,Plastic,6
Plastic_172.jpg,Plastic,6
Plastic_615.jpg,Plastic,6
Plastic_173.jpg,Plastic,6
Plastic_167.jpg,Plastic,6
Plastic_601.jpg,Plastic,6
Plastic_629.jpg,Plastic,6
Plastic_359.jpg,Plastic,6
Plastic_57.jpg,Plastic,6
Plastic_205.jpg,Plastic,6
Plastic_94.jpg,Plastic,6
Plastic_761.jpg,Plastic,6
Plastic_775.jpg,Plastic,6
Plastic_749.jpg,Plastic,6
Plastic_549.jpg,Plastic,6
Plastic_213.jpg,Plastic,6
Plastic_575.jpg,Plastic,6
Plastic_429.jpg,Plastic,6
Plastic_401.jpg,Plastic,6
Plastic_159.jpg,Plastic,6
Plastic_617.jpg,Plastic,6
Plastic_165.jpg,Plastic,6
Plastic_818.jpg,Plastic,6
Plastic_602.jpg,Plastic,6
Plastic_399.jpg,Plastic,6
Plastic_40.jpg,Plastic,6
Plastic_54.jpg,Plastic,6
Plastic_212.jpg,Plastic,6
Plastic_97.jpg,Plastic,6
Plastic_789.jpg,Plastic,6
